N,P,K,temperature,humidity,ph,rainfall,label
81,46,42,26.28,83.84,6.09,209.72,rice
105,43,35,26.48,89.08,6.31,268.23,rice
85,39,40,20.95,80.91,6.47,226.92,rice
101,57,44,25.66,81.57,5.6,248.12,rice
102,54,44,21.68,84.36,5.79,260.33,rice
98,35,35,24.28,83.73,5.7,262.57,rice
110,44,39,24.88,84.9,5.97,267.09,rice
98,35,38,25.07,86.1,6.45,260.82,rice
116,59,38,23.97,81.58,6.02,207.44,rice
96,58,36,26.76,86.85,5.86,291.4,rice
116,48,41,22.18,80.53,6.01,263.59,rice
98,39,45,25.25,80.44,5.89,225.2,rice
88,47,37,22.41,86.11,5.85,267.52,rice
115,37,36,24.43,84.84,6.43,254.82,rice
105,41,42,21.86,86.32,6.27,254.83,rice
102,39,43,24.89,82.17,5.96,207.63,rice
88,54,44,24.25,83.02,6.18,299.41,rice
119,48,39,26.38,87.93,6.29,237.37,rice
113,42,37,20.23,80.06,5.52,299.26,rice
102,36,45,21.21,80.62,6.32,252.0,rice
97,59,43,23.71,85.28,6.34,266.08,rice
119,59,39,24.59,85.72,6.18,262.8,rice
109,59,44,20.49,87.08,5.98,232.56,rice
120,51,44,24.7,82.34,6.12,259.39,rice
114,52,40,26.44,82.18,6.44,208.96,rice
89,59,35,26.92,81.23,6.3,298.96,rice
90,45,43,23.26,80.71,5.98,220.98,rice
105,41,35,25.58,81.36,6.11,270.23,rice
99,54,45,25.23,85.68,6.29,223.62,rice
81,46,44,21.49,86.39,6.32,229.13,rice
85,48,45,24.03,87.81,5.64,297.52,rice
94,40,38,25.25,81.73,6.47,291.96,rice
116,41,41,20.23,89.91,6.49,222.47,rice
92,51,35,22.75,81.25,6.0,239.64,rice
118,43,44,20.73,83.04,6.39,226.63,rice
120,40,37,26.64,80.98,6.18,200.12,rice
90,48,40,25.59,81.33,6.39,270.63,rice
93,52,39,25.44,81.13,5.79,239.86,rice
89,42,39,25.48,81.69,5.95,204.15,rice
119,44,36,26.91,88.19,6.45,210.43,rice
85,52,41,24.82,82.97,5.67,262.96,rice
109,36,42,25.98,86.21,5.62,244.23,rice
87,49,40,21.76,85.53,5.78,231.54,rice
97,57,39,23.73,83.53,6.06,260.16,rice
111,57,38,25.9,84.55,5.84,245.76,rice
90,54,42,26.22,82.79,6.32,237.93,rice
95,58,44,20.67,89.89,6.31,257.26,rice
89,36,36,22.85,89.21,6.24,252.84,rice
106,39,37,21.94,82.41,5.73,226.26,rice
109,56,45,20.84,82.44,6.49,284.49,rice
87,46,41,21.16,87.01,6.4,291.34,rice
115,38,39,25.61,82.77,6.08,262.65,rice
99,35,39,24.54,88.33,5.74,211.13,rice
87,51,36,25.79,82.33,6.3,253.27,rice
93,49,44,23.81,83.44,6.33,208.37,rice
95,55,43,26.76,82.04,5.77,221.75,rice
107,49,37,22.3,83.47,5.8,249.44,rice
91,54,42,21.76,83.54,5.74,255.21,rice
84,48,37,23.16,81.88,6.43,237.96,rice
89,56,35,26.7,85.51,5.55,275.52,rice
118,37,36,24.98,89.08,5.5,221.29,rice
102,43,35,23.9,84.31,6.01,245.92,rice
92,35,45,21.57,81.73,6.35,291.0,rice
107,51,40,21.1,83.19,5.58,232.35,rice
92,37,36,20.95,88.51,6.11,240.95,rice
80,53,38,23.76,80.78,6.01,201.08,rice
111,41,44,22.72,85.47,6.5,222.03,rice
103,52,39,25.44,88.37,5.97,272.83,rice
95,53,39,20.5,88.32,5.85,203.7,rice
82,35,37,21.67,88.14,5.52,288.36,rice
82,35,39,21.59,81.61,6.48,248.44,rice
106,51,36,25.02,89.03,6.07,254.26,rice
94,49,45,23.11,85.44,5.97,220.43,rice
107,57,43,23.58,80.08,6.01,295.23,rice
90,42,45,21.14,86.81,6.3,202.26,rice
101,58,44,26.52,89.04,6.34,271.71,rice
92,59,40,21.49,89.38,6.14,207.26,rice
82,39,41,24.58,89.77,6.28,288.31,rice
115,56,42,24.11,81.51,5.95,267.7,rice
110,47,41,23.91,87.32,6.02,229.65,rice
87,46,37,22.84,89.79,5.63,282.93,rice
100,35,36,23.31,84.91,6.06,229.07,rice
97,48,42,23.34,82.48,5.79,244.46,rice
86,36,37,22.82,85.41,6.36,222.01,rice
108,43,36,26.47,81.51,6.08,280.92,rice
117,44,44,22.92,80.27,6.07,238.12,rice
83,56,36,25.63,86.02,6.47,229.45,rice
112,43,43,26.65,89.93,6.04,297.39,rice
116,59,45,26.52,84.53,5.98,287.87,rice
86,44,40,20.47,88.13,6.02,204.77,rice
81,46,41,21.09,87.44,5.62,263.1,rice
104,53,43,20.92,81.54,6.3,225.18,rice
104,60,45,26.88,87.69,6.12,275.92,rice
116,47,45,24.27,82.46,6.39,283.21,rice
90,44,40,20.65,89.22,6.1,240.17,rice
86,55,38,23.3,85.26,6.4,238.82,rice
80,54,42,23.64,82.3,6.35,263.37,rice
117,38,36,24.37,83.53,5.82,295.4,rice
87,51,43,21.54,83.5,6.36,281.89,rice
103,57,35,22.49,85.32,6.44,281.31,rice
86,58,17,22.85,59.03,6.35,61.18,maize
91,47,16,23.63,57.15,6.88,106.19,maize
62,58,18,18.19,64.78,6.09,81.74,maize
65,58,20,19.12,61.08,6.97,79.76,maize
79,53,20,26.45,59.51,5.98,75.56,maize
96,50,15,23.18,69.71,5.87,69.33,maize
63,42,18,18.35,69.08,6.93,101.2,maize
94,43,25,26.09,64.25,6.76,87.68,maize
91,43,25,22.07,57.75,6.22,106.18,maize
73,38,22,23.03,67.23,6.48,105.92,maize
98,35,24,21.63,61.62,5.85,99.41,maize
87,38,21,22.61,60.32,6.44,104.54,maize
60,44,21,23.4,68.01,6.35,94.08,maize
82,42,25,26.9,68.15,6.94,93.34,maize
87,45,18,20.89,60.31,6.55,65.35,maize
78,51,24,25.47,61.17,5.59,73.45,maize
92,57,19,19.4,57.07,6.41,84.62,maize
72,56,21,22.26,56.7,6.67,93.51,maize
79,60,25,25.5,65.65,5.63,78.75,maize
70,35,19,22.93,60.52,6.37,61.12,maize
93,45,23,24.18,59.47,6.56,94.16,maize
97,43,21,21.23,58.27,5.51,105.7,maize
74,60,25,19.58,62.86,5.72,78.17,maize
87,46,18,21.52,61.64,6.21,93.14,maize
100,37,17,24.94,67.57,6.95,92.97,maize
76,43,24,19.02,69.42,6.12,98.28,maize
73,54,16,19.15,60.49,6.46,86.8,maize
79,39,23,21.37,66.06,5.8,60.93,maize
66,43,23,18.29,69.7,6.86,95.08,maize
65,55,25,22.01,55.32,6.05,69.18,maize
74,36,16,23.05,61.09,6.57,104.84,maize
75,39,16,25.35,63.82,6.05,72.76,maize
66,45,25,26.19,68.99,5.6,85.61,maize
61,42,17,25.69,59.26,6.84,105.58,maize
87,58,16,24.4,65.86,6.53,79.34,maize
88,50,17,23.34,61.14,5.6,65.57,maize
81,36,17,24.01,62.56,5.83,102.43,maize
95,35,19,22.04,65.34,6.7,89.9,maize
84,42,19,24.79,59.93,6.93,69.64,maize
100,43,15,26.29,55.25,6.8,62.99,maize
64,39,24,24.42,63.53,6.47,91.43,maize
98,54,15,21.95,65.91,6.64,78.99,maize
84,53,24,18.64,69.7,6.74,107.26,maize
89,43,19,19.7,63.97,6.8,62.33,maize
85,41,15,26.59,57.23,6.39,91.9,maize
81,59,16,20.49,69.2,6.62,108.33,maize
65,51,20,20.02,64.75,5.59,87.05,maize
87,37,15,26.8,62.03,6.39,87.54,maize
78,59,16,18.13,61.77,5.96,77.11,maize
91,49,15,19.13,63.97,6.13,73.75,maize
79,37,17,22.22,69.43,6.08,97.85,maize
99,48,16,18.79,66.76,5.86,80.63,maize
83,46,24,26.11,64.81,6.47,65.77,maize
92,48,19,23.4,59.48,5.86,69.78,maize
83,57,17,25.24,60.12,6.97,67.29,maize
86,60,21,26.16,58.63,6.51,93.75,maize
73,36,21,23.64,55.65,6.99,109.06,maize
88,43,25,22.83,67.86,6.27,100.71,maize
72,59,21,23.65,55.88,5.74,87.19,maize
86,35,20,20.64,59.23,6.23,101.67,maize
90,37,18,21.16,67.82,6.74,97.01,maize
100,45,16,26.05,57.88,6.17,96.78,maize
81,56,25,21.84,65.43,6.8,80.65,maize
68,43,22,18.29,69.8,5.52,86.53,maize
64,57,24,25.46,65.39,6.27,83.76,maize
66,60,20,26.69,61.68,5.57,70.31,maize
60,40,22,20.0,68.26,6.7,102.49,maize
96,49,20,26.79,56.8,5.54,65.24,maize
67,44,22,21.73,66.34,6.51,71.23,maize
86,43,23,18.06,67.87,5.74,74.4,maize
83,55,23,23.87,68.14,6.28,109.73,maize
61,41,24,22.22,59.1,5.65,63.33,maize
66,60,21,22.63,55.19,6.91,107.0,maize
77,50,24,23.22,64.13,5.77,87.95,maize
83,35,18,22.79,56.82,5.55,62.71,maize
61,44,20,23.25,67.53,5.68,72.13,maize
75,60,23,25.56,68.81,5.57,82.36,maize
63,60,21,19.66,61.88,6.15,65.79,maize
91,47,17,26.25,60.76,6.09,66.73,maize
68,46,23,26.79,61.12,6.54,65.58,maize
86,49,20,26.06,62.4,6.52,69.68,maize
74,50,24,22.18,66.25,5.52,64.33,maize
87,48,16,24.75,61.85,5.57,61.92,maize
65,38,18,24.47,60.41,6.71,74.73,maize
99,58,19,22.16,67.63,5.57,66.7,maize
61,43,19,25.04,60.37,6.45,63.88,maize
87,51,15,22.73,56.92,6.87,106.51,maize
99,46,18,20.19,69.2,6.61,109.22,maize
82,42,21,26.2,65.69,6.15,62.36,maize
84,38,16,19.79,60.44,6.73,90.76,maize
77,59,24,21.75,59.79,6.28,79.62,maize
93,55,22,24.11,55.73,6.84,96.27,maize
87,48,20,18.24,66.25,6.83,86.89,maize
65,40,21,23.73,64.84,6.42,106.08,maize
82,48,18,21.65,69.19,6.07,97.81,maize
84,40,25,23.48,66.01,5.79,66.84,maize
80,51,17,19.82,64.3,5.94,83.2,maize
70,58,16,18.81,60.01,5.66,80.44,maize
92,50,19,19.18,58.9,5.54,107.61,maize
87,54,15,18.9,64.47,6.3,63.89,maize
48,79,77,19.34,15.15,6.16,75.08,chickpea
40,66,80,18.31,17.76,5.67,68.91,chickpea
23,55,76,19.43,15.04,5.81,93.06,chickpea
43,65,76,18.51,18.22,6.37,79.22,chickpea
48,77,79,18.02,17.57,5.87,93.39,chickpea
26,77,79,17.7,16.35,8.14,71.67,chickpea
39,78,82,17.47,19.92,7.54,94.79,chickpea
51,77,84,17.38,15.02,8.18,92.86,chickpea
20,55,75,18.5,18.74,8.21,91.43,chickpea
59,71,82,18.81,17.31,7.01,68.1,chickpea
37,65,75,21.0,18.44,7.88,66.19,chickpea
46,55,76,18.12,16.65,8.19,88.8,chickpea
51,64,81,17.44,18.69,7.66,73.1,chickpea
53,60,75,18.46,18.86,8.07,94.59,chickpea
50,73,76,20.53,17.5,8.42,67.42,chickpea
37,66,79,17.5,18.07,8.0,78.49,chickpea
37,67,83,17.88,18.54,7.95,67.11,chickpea
54,73,76,19.3,17.14,7.4,86.52,chickpea
27,78,81,19.85,19.49,6.5,73.31,chickpea
52,69,85,17.27,17.85,6.08,85.65,chickpea
30,58,75,17.09,18.73,8.19,88.32,chickpea
57,73,85,20.1,15.67,7.74,78.15,chickpea
41,62,85,20.31,19.53,6.94,86.47,chickpea
49,61,77,18.26,15.76,5.59,89.82,chickpea
45,67,76,18.26,18.95,7.39,74.67,chickpea
26,60,82,17.09,15.89,7.82,79.67,chickpea
39,70,83,18.6,17.89,6.9,87.23,chickpea
47,61,84,20.8,19.97,7.8,76.84,chickpea
50,71,77,20.92,16.78,5.82,82.9,chickpea
56,70,85,20.64,17.86,6.78,70.44,chickpea
28,79,83,17.47,19.83,7.45,74.43,chickpea
39,72,82,20.73,19.85,7.02,66.21,chickpea
22,78,79,19.03,18.01,5.7,91.66,chickpea
56,62,85,19.0,18.2,6.11,68.54,chickpea
60,65,78,17.84,16.92,5.67,94.82,chickpea
30,75,75,18.59,19.17,6.55,69.34,chickpea
60,71,77,17.3,17.85,8.48,65.49,chickpea
43,77,85,17.08,15.16,5.54,84.19,chickpea
39,62,84,18.35,16.37,6.75,88.06,chickpea
42,72,75,20.77,15.33,6.23,88.33,chickpea
38,76,81,19.84,19.86,6.6,83.78,chickpea
25,66,82,17.36,18.35,7.48,88.59,chickpea
25,62,75,17.29,17.97,7.04,82.79,chickpea
49,79,75,17.99,16.63,5.75,82.61,chickpea
49,63,77,17.53,17.28,5.61,74.73,chickpea
25,64,84,18.81,15.32,7.16,77.98,chickpea
36,71,85,17.64,15.15,5.69,92.39,chickpea
34,69,77,20.1,17.17,7.19,91.64,chickpea
35,60,75,17.48,15.44,7.93,77.86,chickpea
20,61,78,19.63,18.04,6.98,79.54,chickpea
58,80,75,18.94,15.9,7.52,81.88,chickpea
23,64,80,17.17,18.07,6.25,65.28,chickpea
48,64,84,19.29,18.79,7.79,76.47,chickpea
39,76,76,18.33,17.43,7.79,90.16,chickpea
33,62,85,18.26,16.01,7.07,91.24,chickpea
29,65,80,18.78,18.41,7.23,72.38,chickpea
44,76,80,19.5,18.34,6.65,94.82,chickpea
44,55,78,20.39,18.22,8.12,80.91,chickpea
41,58,81,20.57,16.04,7.84,88.17,chickpea
40,61,78,20.4,18.81,7.16,84.87,chickpea
26,67,83,19.67,19.63,7.24,94.8,chickpea
55,64,81,18.27,19.31,6.09,81.87,chickpea
22,75,84,18.18,15.56,6.32,82.23,chickpea
55,78,81,20.54,19.04,7.86,67.46,chickpea
60,59,79,19.28,17.43,5.79,81.16,chickpea
26,69,83,18.33,19.13,6.69,77.33,chickpea
38,63,83,18.92,19.0,7.81,70.69,chickpea
45,57,82,20.05,15.29,7.21,67.88,chickpea
49,72,76,19.15,19.02,7.79,93.23,chickpea
51,73,76,19.9,17.44,7.7,83.96,chickpea
60,55,75,18.03,18.71,5.83,66.75,chickpea
30,76,84,20.46,18.52,8.24,79.78,chickpea
38,78,77,17.39,19.1,7.27,82.93,chickpea
22,65,78,20.92,16.06,8.18,89.13,chickpea
24,70,75,20.24,18.03,8.3,78.68,chickpea
36,59,80,18.63,19.84,7.07,71.24,chickpea
36,65,82,17.63,19.97,7.47,90.48,chickpea
59,60,78,18.26,17.99,6.39,69.8,chickpea
36,80,75,20.46,16.72,6.87,65.53,chickpea
36,56,81,17.87,19.65,8.26,79.77,chickpea
38,76,80,20.1,17.1,8.4,91.55,chickpea
38,76,79,19.51,18.27,7.03,90.28,chickpea
43,61,82,20.32,18.24,7.64,72.23,chickpea
55,63,78,19.76,15.31,7.41,74.62,chickpea
38,64,85,19.15,16.92,6.2,74.91,chickpea
32,62,77,17.06,15.07,7.52,76.35,chickpea
31,72,77,20.69,17.66,7.95,69.81,chickpea
28,63,76,20.4,18.76,8.02,70.18,chickpea
52,79,84,19.08,19.08,5.67,67.95,chickpea
38,70,79,19.22,17.35,5.71,92.34,chickpea
24,55,76,18.02,18.86,5.98,76.73,chickpea
51,80,81,17.48,18.44,6.81,67.14,chickpea
44,79,75,20.38,15.46,6.11,68.84,chickpea
47,64,82,19.07,17.01,6.81,80.11,chickpea
48,70,77,20.27,16.98,5.73,68.05,chickpea
33,71,78,18.02,18.44,6.26,89.52,chickpea
30,78,78,17.2,15.5,6.14,90.72,chickpea
55,59,85,18.22,17.43,6.57,79.03,chickpea
30,59,83,17.48,19.16,7.74,74.18,chickpea
55,63,81,17.07,17.02,5.69,87.33,chickpea
16,60,22,22.77,21.0,5.76,113.87,kidneybeans
10,60,21,21.23,23.35,5.71,127.57,kidneybeans
15,69,16,16.21,24.86,5.83,62.97,kidneybeans
36,62,22,16.47,22.39,5.99,69.72,kidneybeans
28,58,18,21.81,20.43,5.64,140.69,kidneybeans
14,73,25,18.51,24.81,5.67,62.41,kidneybeans
18,68,19,16.07,24.84,5.8,66.25,kidneybeans
25,76,20,15.03,21.68,5.75,79.24,kidneybeans
36,78,23,15.37,21.44,5.75,142.19,kidneybeans
22,75,17,18.91,24.65,5.8,80.73,kidneybeans
22,76,16,22.38,21.4,5.56,123.13,kidneybeans
37,68,16,23.73,22.59,5.58,112.59,kidneybeans
24,58,21,23.8,24.86,5.82,135.63,kidneybeans
35,64,16,16.99,24.78,5.55,113.69,kidneybeans
26,64,21,16.91,22.79,5.55,61.53,kidneybeans
22,68,22,15.21,22.05,5.72,76.39,kidneybeans
18,75,25,23.22,20.07,5.55,103.48,kidneybeans
10,73,21,23.13,23.73,5.71,99.1,kidneybeans
21,75,15,21.95,20.41,5.92,66.42,kidneybeans
24,77,17,16.5,20.46,5.68,112.78,kidneybeans
36,69,21,19.32,24.87,5.87,115.16,kidneybeans
27,64,19,21.87,21.29,5.89,108.08,kidneybeans
25,76,25,19.02,22.61,5.77,112.5,kidneybeans
33,65,19,17.76,22.82,5.69,143.16,kidneybeans
29,71,25,21.81,24.01,5.88,112.19,kidneybeans
33,80,16,21.72,24.6,5.72,136.37,kidneybeans
34,56,25,20.45,23.42,5.84,93.81,kidneybeans
34,63,22,15.97,23.74,5.6,106.94,kidneybeans
23,74,21,16.05,23.64,5.7,65.64,kidneybeans
17,79,23,17.51,20.64,5.65,102.78,kidneybeans
27,63,15,18.18,22.06,5.69,88.8,kidneybeans
22,65,24,23.31,21.81,5.7,72.72,kidneybeans
20,56,15,18.94,22.87,5.91,78.17,kidneybeans
35,70,23,17.07,21.53,5.81,98.09,kidneybeans
15,76,17,20.78,22.9,5.78,73.09,kidneybeans
31,59,21,21.69,23.62,5.96,68.99,kidneybeans
14,71,25,23.79,24.88,5.61,89.37,kidneybeans
17,76,19,17.92,22.4,6.0,116.59,kidneybeans
18,72,25,24.77,20.06,5.76,64.01,kidneybeans
39,55,25,20.15,22.26,5.94,117.35,kidneybeans
21,77,20,15.94,20.34,5.6,108.46,kidneybeans
38,57,18,20.58,20.4,5.7,80.2,kidneybeans
24,60,17,24.05,24.88,5.64,144.14,kidneybeans
25,79,24,23.57,24.17,5.55,87.55,kidneybeans
39,61,15,22.36,21.71,5.65,132.91,kidneybeans
16,71,19,20.87,24.0,5.5,64.24,kidneybeans
29,60,24,20.52,22.84,5.94,143.39,kidneybeans
20,58,18,22.0,20.92,5.83,149.69,kidneybeans
30,60,22,22.04,23.28,5.57,71.52,kidneybeans
38,66,20,20.69,21.74,5.83,107.74,kidneybeans
36,70,20,17.44,24.28,5.64,146.01,kidneybeans
12,73,18,23.34,22.17,5.68,120.12,kidneybeans
38,57,25,19.0,20.7,5.88,125.39,kidneybeans
16,71,20,19.93,20.12,5.73,126.61,kidneybeans
15,59,16,16.46,21.25,5.59,93.99,kidneybeans
16,62,23,19.15,23.57,5.89,102.54,kidneybeans
23,63,24,18.09,24.54,5.98,125.84,kidneybeans
12,64,22,24.73,23.15,5.6,140.64,kidneybeans
39,66,20,15.27,22.61,5.89,62.63,kidneybeans
14,55,20,18.18,21.38,5.69,126.89,kidneybeans
33,61,23,16.68,21.57,5.98,93.17,kidneybeans
37,71,20,16.13,20.09,5.91,123.75,kidneybeans
32,62,21,18.2,21.06,5.52,96.37,kidneybeans
30,67,24,22.01,23.03,5.51,110.03,kidneybeans
28,60,16,19.93,20.01,5.64,128.72,kidneybeans
16,58,18,24.02,24.9,5.76,100.51,kidneybeans
17,70,21,18.66,23.69,5.87,70.74,kidneybeans
34,80,17,17.38,20.48,5.95,64.84,kidneybeans
26,77,23,23.36,21.25,5.54,89.52,kidneybeans
33,69,16,17.66,23.3,5.86,92.14,kidneybeans
35,60,17,24.45,22.39,5.96,129.82,kidneybeans
38,77,17,21.78,24.86,5.79,70.82,kidneybeans
28,55,22,25.0,20.88,5.51,95.45,kidneybeans
32,73,19,19.27,24.62,5.78,89.23,kidneybeans
25,72,19,22.55,23.57,5.7,79.78,kidneybeans
21,77,17,23.94,22.47,5.6,97.9,kidneybeans
26,67,17,19.12,20.58,5.7,96.86,kidneybeans
24,77,23,20.77,23.4,5.84,147.56,kidneybeans
29,72,25,18.24,24.15,5.82,111.42,kidneybeans
36,57,17,15.35,23.62,5.55,108.51,kidneybeans
29,57,20,18.59,23.83,5.96,97.64,kidneybeans
13,69,17,21.95,22.49,5.99,136.15,kidneybeans
26,60,24,18.01,22.03,5.56,78.25,kidneybeans
26,63,21,19.88,23.66,5.6,101.32,kidneybeans
30,80,24,20.5,20.66,5.98,119.55,kidneybeans
39,65,23,24.98,21.25,5.95,97.01,kidneybeans
27,58,16,19.81,21.75,5.56,98.96,kidneybeans
22,73,25,24.59,21.93,5.93,71.41,kidneybeans
34,64,21,16.28,24.69,5.61,113.22,kidneybeans
18,75,25,20.87,23.45,5.96,141.82,kidneybeans
24,62,15,15.94,23.04,5.61,104.51,kidneybeans
22,80,20,22.92,24.25,5.61,120.82,kidneybeans
39,63,22,22.28,20.08,5.71,135.39,kidneybeans
22,67,15,19.48,24.86,5.95,149.74,kidneybeans
23,72,22,20.99,20.11,5.72,136.94,kidneybeans
25,75,16,18.04,21.7,5.55,85.8,kidneybeans
23,63,22,19.59,20.68,5.99,78.99,kidneybeans
21,65,16,24.98,22.74,5.99,141.92,kidneybeans
29,61,17,15.24,22.19,5.62,97.86,kidneybeans
36,57,19,17.18,23.68,5.96,127.11,kidneybeans
20,57,17,27.71,59.14,7.12,129.97,pigeonpeas
16,44,20,25.25,55.49,6.52,101.43,pigeonpeas
18,35,16,24.93,52.06,6.71,184.99,pigeonpeas
16,40,18,19.1,67.06,6.09,126.02,pigeonpeas
27,38,17,18.09,64.1,6.63,181.24,pigeonpeas
17,41,20,28.98,61.83,6.48,128.61,pigeonpeas
31,57,15,32.79,49.89,7.27,189.74,pigeonpeas
30,60,19,34.81,50.02,4.52,112.5,pigeonpeas
23,60,25,27.81,64.75,4.6,99.13,pigeonpeas
22,38,23,34.44,55.62,5.87,199.94,pigeonpeas
23,35,15,20.77,52.46,7.96,91.1,pigeonpeas
26,48,19,29.88,55.1,5.75,149.4,pigeonpeas
29,54,21,26.75,51.08,6.84,178.07,pigeonpeas
31,38,19,36.22,69.85,7.89,165.14,pigeonpeas
36,37,21,22.77,59.53,4.91,130.45,pigeonpeas
22,55,21,25.04,47.31,7.17,148.48,pigeonpeas
39,47,24,28.14,69.56,5.02,183.21,pigeonpeas
25,40,24,33.36,51.8,6.47,104.24,pigeonpeas
29,50,16,35.18,47.89,4.83,149.14,pigeonpeas
36,51,15,24.26,67.81,6.49,188.28,pigeonpeas
10,54,19,35.23,53.95,4.81,145.68,pigeonpeas
15,58,17,29.14,56.99,6.95,181.76,pigeonpeas
30,58,20,31.53,62.84,5.03,176.25,pigeonpeas
30,50,24,31.62,53.85,5.34,135.02,pigeonpeas
27,51,24,31.31,68.86,5.66,180.33,pigeonpeas
32,45,24,27.36,58.14,5.42,166.68,pigeonpeas
34,45,20,18.28,47.59,4.67,102.11,pigeonpeas
30,37,21,33.32,45.37,6.28,175.73,pigeonpeas
40,44,21,34.63,59.27,5.82,114.17,pigeonpeas
31,49,23,22.04,61.05,7.31,156.94,pigeonpeas
24,50,18,18.08,53.11,5.55,183.38,pigeonpeas
22,35,20,27.89,52.18,5.32,170.71,pigeonpeas
36,49,23,28.28,47.1,6.61,157.46,pigeonpeas
13,37,24,32.16,60.77,6.3,185.23,pigeonpeas
17,37,23,30.29,51.06,5.74,189.18,pigeonpeas
12,38,17,21.42,48.99,6.65,147.83,pigeonpeas
34,58,23,29.2,53.79,7.82,170.45,pigeonpeas
20,60,22,24.3,61.75,7.41,151.84,pigeonpeas
13,41,21,19.05,65.18,6.72,129.3,pigeonpeas
19,47,15,23.82,58.17,7.03,191.38,pigeonpeas
19,44,21,33.65,59.12,6.01,110.75,pigeonpeas
37,54,15,26.97,66.96,5.93,166.65,pigeonpeas
37,55,22,25.09,49.52,4.64,146.76,pigeonpeas
26,54,25,32.52,51.82,5.61,173.37,pigeonpeas
10,56,24,29.89,47.48,5.26,106.3,pigeonpeas
33,55,24,27.68,60.22,6.76,132.89,pigeonpeas
39,42,22,34.72,55.77,7.83,197.8,pigeonpeas
20,56,21,30.09,60.37,6.25,195.63,pigeonpeas
40,38,15,30.3,53.91,5.43,112.94,pigeonpeas
30,47,19,36.11,49.27,6.65,121.61,pigeonpeas
35,46,25,36.06,60.28,6.87,178.88,pigeonpeas
31,43,25,30.37,51.6,5.6,181.63,pigeonpeas
10,48,16,36.24,65.28,4.54,150.59,pigeonpeas
36,47,21,27.39,49.21,7.34,143.71,pigeonpeas
34,46,22,27.98,67.44,6.73,135.56,pigeonpeas
31,44,15,18.58,46.11,4.68,175.34,pigeonpeas
22,41,20,31.53,66.8,7.59,112.56,pigeonpeas
15,49,22,20.36,45.98,7.93,105.2,pigeonpeas
12,50,22,18.25,57.56,5.3,163.26,pigeonpeas
10,46,15,27.43,61.08,7.8,99.71,pigeonpeas
23,47,23,27.08,69.13,5.35,138.21,pigeonpeas
18,48,19,24.05,68.41,5.85,195.8,pigeonpeas
10,49,25,22.2,69.87,6.57,175.17,pigeonpeas
27,57,24,22.82,65.68,6.03,127.53,pigeonpeas
38,53,23,27.1,68.39,5.72,191.98,pigeonpeas
17,55,23,29.64,50.89,6.19,108.32,pigeonpeas
13,51,22,26.38,69.8,7.04,189.71,pigeonpeas
34,35,16,25.02,57.91,5.48,94.58,pigeonpeas
24,43,24,33.2,57.74,7.15,169.97,pigeonpeas
24,53,19,19.3,66.05,7.05,118.01,pigeonpeas
40,60,20,25.05,67.51,6.36,165.68,pigeonpeas
33,40,20,32.08,49.26,5.89,117.23,pigeonpeas
11,59,19,29.14,45.18,5.64,175.26,pigeonpeas
17,59,21,28.72,65.71,6.92,94.46,pigeonpeas
32,39,25,35.95,64.54,7.38,169.91,pigeonpeas
23,56,21,29.83,67.68,7.99,113.86,pigeonpeas
21,56,18,25.64,47.07,5.2,102.64,pigeonpeas
33,48,17,35.29,50.18,6.61,185.86,pigeonpeas
20,36,18,24.13,56.73,7.64,117.31,pigeonpeas
35,50,23,27.64,67.59,6.29,123.66,pigeonpeas
22,49,17,22.2,69.39,6.02,163.39,pigeonpeas
10,52,18,20.46,60.19,6.24,188.41,pigeonpeas
33,59,24,33.82,54.96,5.01,126.79,pigeonpeas
20,49,24,36.72,56.51,7.78,96.0,pigeonpeas
34,52,20,36.48,54.14,7.62,90.28,pigeonpeas
25,39,25,29.9,53.85,7.35,124.73,pigeonpeas
25,50,15,26.29,62.16,6.87,174.89,pigeonpeas
35,47,24,24.9,65.4,4.84,95.6,pigeonpeas
20,55,20,18.67,65.77,7.49,109.63,pigeonpeas
40,50,22,30.6,69.75,4.9,178.92,pigeonpeas
13,48,22,26.08,52.21,5.94,121.18,pigeonpeas
34,56,20,22.64,51.07,7.94,147.5,pigeonpeas
34,47,24,34.06,66.92,5.45,184.87,pigeonpeas
17,56,22,21.78,58.76,6.45,114.64,pigeonpeas
35,38,23,19.81,59.81,7.45,142.63,pigeonpeas
19,56,25,33.51,45.31,4.72,136.74,pigeonpeas
24,49,22,31.15,64.76,7.77,95.23,pigeonpeas
29,44,24,21.34,55.97,6.77,168.64,pigeonpeas
27,39,16,30.45,45.63,6.21,136.93,pigeonpeas
26,46,22,20.88,45.76,5.73,93.16,pigeonpeas
36,46,21,24.01,55.72,8.91,41.51,mothbeans
23,44,15,28.13,64.05,8.99,62.43,mothbeans
16,39,23,27.1,48.11,9.77,57.64,mothbeans
34,36,17,26.25,64.36,4.93,46.64,mothbeans
17,45,18,26.05,53.14,5.41,36.55,mothbeans
23,35,16,31.55,48.78,6.29,59.16,mothbeans
17,37,21,24.53,42.06,7.75,47.93,mothbeans
25,53,24,30.81,45.59,8.96,32.93,mothbeans
12,52,21,29.95,63.51,6.35,45.23,mothbeans
40,53,17,31.64,49.36,5.53,52.95,mothbeans
15,47,15,24.82,50.58,6.21,32.76,mothbeans
11,60,16,25.09,56.92,6.61,30.19,mothbeans
32,35,20,31.54,49.3,4.72,37.1,mothbeans
16,60,23,27.49,55.54,4.29,61.99,mothbeans
11,35,20,31.83,45.91,4.54,57.38,mothbeans
40,59,19,26.17,54.18,5.67,50.09,mothbeans
37,57,21,30.41,54.18,5.25,49.29,mothbeans
17,36,19,25.42,60.13,4.76,67.4,mothbeans
35,51,22,28.77,62.0,7.86,39.17,mothbeans
27,51,24,28.42,41.14,3.99,38.59,mothbeans
33,50,24,26.61,59.08,4.84,66.54,mothbeans
37,47,16,30.91,53.53,4.6,63.95,mothbeans
22,53,21,28.91,48.6,6.54,69.49,mothbeans
22,49,23,26.01,40.29,6.47,61.47,mothbeans
30,60,22,30.0,51.51,6.54,37.35,mothbeans
31,35,16,27.53,46.12,7.42,72.67,mothbeans
29,42,20,28.75,48.42,7.21,46.78,mothbeans
33,37,21,30.37,55.33,5.42,57.3,mothbeans
38,44,19,28.74,41.01,7.29,44.01,mothbeans
34,46,19,28.38,56.16,4.26,56.21,mothbeans
23,48,18,29.83,48.16,6.1,68.62,mothbeans
37,54,18,31.81,48.76,5.6,47.2,mothbeans
36,43,21,29.36,56.9,5.1,47.51,mothbeans
28,40,20,26.59,52.03,4.79,44.58,mothbeans
25,47,16,25.85,64.42,4.91,57.02,mothbeans
25,54,18,27.09,48.1,7.49,58.68,mothbeans
31,56,25,25.4,41.8,9.7,65.68,mothbeans
12,48,24,26.22,41.57,9.97,70.44,mothbeans
10,49,25,31.1,58.95,7.82,64.13,mothbeans
31,36,17,24.04,42.82,8.53,34.74,mothbeans
38,52,22,30.0,64.55,3.6,36.94,mothbeans
36,51,22,28.69,40.84,9.03,49.85,mothbeans
40,37,20,27.76,57.43,8.43,37.58,mothbeans
34,51,19,30.16,63.43,8.38,63.48,mothbeans
31,40,24,24.43,54.58,8.96,59.97,mothbeans
34,51,17,30.54,61.85,7.73,51.83,mothbeans
24,52,22,31.88,47.85,6.49,73.71,mothbeans
25,38,24,27.78,50.84,8.3,43.95,mothbeans
12,59,16,31.18,49.81,3.52,74.97,mothbeans
33,59,21,24.17,50.12,8.31,52.58,mothbeans
28,40,18,25.44,55.76,5.01,40.04,mothbeans
33,41,25,26.04,61.37,3.63,64.24,mothbeans
30,50,18,25.03,61.3,4.02,74.7,mothbeans
19,46,23,26.54,50.61,9.2,68.33,mothbeans
30,49,19,24.24,44.74,5.54,35.73,mothbeans
15,52,22,28.65,57.24,7.95,57.67,mothbeans
11,35,21,28.92,56.48,8.84,35.05,mothbeans
24,45,17,24.81,57.8,5.67,47.09,mothbeans
33,54,19,25.86,60.29,4.21,50.93,mothbeans
38,39,18,31.96,57.6,3.64,33.67,mothbeans
39,41,19,26.78,41.23,7.9,34.37,mothbeans
24,40,24,28.59,51.33,7.81,39.32,mothbeans
24,60,24,28.91,53.2,5.75,62.84,mothbeans
18,38,16,28.66,48.56,6.69,37.45,mothbeans
28,58,17,27.0,59.13,6.73,56.02,mothbeans
23,39,21,24.01,59.2,8.6,30.05,mothbeans
27,58,22,31.48,61.74,7.59,66.75,mothbeans
12,54,20,28.62,64.21,4.45,69.98,mothbeans
31,50,17,28.58,49.65,5.73,70.63,mothbeans
17,52,17,31.45,54.07,4.98,73.52,mothbeans
13,51,16,24.84,40.48,3.51,50.95,mothbeans
12,53,18,25.69,55.15,8.06,55.48,mothbeans
33,41,15,28.82,64.52,8.57,65.09,mothbeans
29,58,19,31.35,43.45,7.02,73.86,mothbeans
10,48,17,26.29,56.73,4.97,41.66,mothbeans
39,51,22,29.09,58.65,8.44,53.28,mothbeans
38,48,23,28.41,57.43,6.6,72.52,mothbeans
13,38,16,25.44,58.92,5.29,41.74,mothbeans
21,47,20,28.94,58.48,5.9,49.55,mothbeans
38,42,16,25.12,61.12,8.39,74.94,mothbeans
37,35,24,25.25,43.87,6.22,50.18,mothbeans
19,42,21,25.0,41.1,7.95,59.84,mothbeans
32,53,25,26.79,55.77,8.3,67.89,mothbeans
24,59,19,25.38,55.21,3.83,56.46,mothbeans
28,38,23,24.38,52.3,6.83,70.37,mothbeans
39,37,15,25.84,45.25,8.49,70.73,mothbeans
20,56,17,26.09,63.52,8.04,46.23,mothbeans
13,47,22,24.22,55.34,8.43,71.4,mothbeans
10,53,17,25.51,41.87,3.94,72.0,mothbeans
25,52,25,31.62,42.66,4.43,58.65,mothbeans
23,45,23,28.26,56.91,8.03,68.13,mothbeans
28,41,20,28.39,41.22,4.41,55.01,mothbeans
14,38,22,26.03,57.71,7.0,52.69,mothbeans
26,52,15,24.58,60.8,4.44,50.06,mothbeans
37,53,22,29.24,53.1,4.16,73.53,mothbeans
14,48,20,28.77,57.47,7.41,66.57,mothbeans
11,46,19,31.74,40.9,9.84,55.02,mothbeans
34,53,16,24.69,41.31,6.92,46.25,mothbeans
13,52,20,30.77,59.82,4.36,34.25,mothbeans
18,42,23,25.68,43.01,4.53,69.81,mothbeans
24,38,21,34.46,82.8,6.26,48.97,mungbean
15,43,22,34.26,86.64,6.56,58.74,mungbean
34,42,25,31.04,88.48,6.28,32.19,mungbean
38,39,17,28.69,83.53,6.72,39.75,mungbean
29,37,21,27.4,85.02,6.89,32.17,mungbean
33,56,16,30.22,87.46,7.02,32.94,mungbean
11,43,18,33.97,88.73,6.78,32.78,mungbean
37,51,22,33.31,87.2,6.93,55.28,mungbean
10,37,22,30.34,84.89,7.19,57.97,mungbean
21,59,23,34.17,80.78,6.46,49.34,mungbean
27,48,21,30.62,85.49,7.19,57.13,mungbean
38,37,19,29.22,89.92,7.13,38.98,mungbean
20,47,20,27.98,87.5,6.84,44.82,mungbean
22,57,20,30.16,80.74,6.38,54.92,mungbean
14,43,17,32.52,89.72,7.08,50.85,mungbean
18,58,16,32.47,83.16,6.27,35.76,mungbean
40,60,19,35.29,84.31,6.71,45.58,mungbean
29,45,20,27.05,82.68,7.03,45.36,mungbean
19,53,21,28.32,82.75,6.34,46.5,mungbean
17,43,22,33.73,85.46,6.97,35.4,mungbean
38,50,20,28.49,85.21,7.16,32.36,mungbean
16,39,19,29.4,89.46,7.16,41.53,mungbean
40,54,21,27.51,82.2,7.16,43.54,mungbean
20,39,19,27.09,88.37,6.53,35.4,mungbean
14,47,17,28.99,89.24,6.33,55.47,mungbean
33,41,17,31.63,81.89,6.84,58.57,mungbean
23,43,15,35.62,82.73,6.86,53.82,mungbean
36,50,19,33.78,82.39,7.15,31.13,mungbean
33,48,25,27.69,83.04,6.41,37.48,mungbean
24,53,17,35.49,83.14,6.69,33.7,mungbean
22,60,18,34.97,84.4,7.19,58.51,mungbean
17,50,20,28.28,82.9,7.03,30.44,mungbean
28,49,15,34.56,84.25,7.16,32.45,mungbean
22,43,23,35.36,88.94,7.17,54.29,mungbean
29,40,20,29.23,81.82,6.74,36.33,mungbean
38,42,25,33.42,88.09,6.84,43.01,mungbean
12,38,18,32.79,82.72,6.6,56.42,mungbean
25,42,15,29.49,89.35,6.8,46.56,mungbean
36,40,22,30.82,81.74,6.44,42.26,mungbean
28,54,24,35.82,81.58,6.79,44.81,mungbean
11,40,19,35.98,81.19,6.21,58.22,mungbean
22,56,21,29.47,86.52,6.44,58.61,mungbean
25,47,22,34.03,84.28,6.93,55.21,mungbean
22,49,21,31.61,87.46,6.79,48.27,mungbean
35,59,18,35.49,84.89,6.69,33.98,mungbean
12,51,20,30.81,80.41,6.3,52.18,mungbean
22,54,17,32.68,85.9,6.61,53.22,mungbean
27,36,17,32.19,82.18,6.47,38.98,mungbean
14,46,19,30.8,86.15,6.7,38.07,mungbean
22,60,25,27.17,88.36,6.97,42.03,mungbean
35,39,17,27.19,80.28,6.47,57.84,mungbean
28,40,19,30.94,85.23,6.91,59.65,mungbean
39,40,16,34.88,87.84,6.55,34.99,mungbean
29,45,22,34.19,85.2,7.18,48.14,mungbean
24,37,24,28.6,86.26,6.61,31.69,mungbean
21,38,23,33.35,82.41,7.17,30.24,mungbean
24,37,19,27.9,82.18,6.95,58.46,mungbean
33,35,20,31.5,88.49,6.41,45.72,mungbean
17,54,24,34.25,84.81,6.96,47.15,mungbean
15,51,16,28.01,83.6,6.96,46.37,mungbean
40,50,15,30.39,81.52,6.24,38.58,mungbean
27,54,19,34.35,85.08,6.84,43.5,mungbean
35,45,17,32.97,85.86,6.68,33.77,mungbean
28,55,15,34.38,83.34,6.95,45.12,mungbean
27,40,15,31.21,89.29,6.98,47.25,mungbean
37,54,25,31.3,87.69,6.31,43.7,mungbean
16,38,22,31.07,81.63,6.22,41.5,mungbean
25,48,21,31.24,83.83,7.16,34.6,mungbean
40,35,25,29.32,86.43,6.89,32.41,mungbean
34,41,21,35.86,85.98,7.13,39.22,mungbean
21,45,22,27.04,89.73,6.78,52.12,mungbean
15,43,16,27.78,88.98,7.17,50.97,mungbean
32,37,24,32.3,88.91,7.11,35.79,mungbean
33,44,15,28.05,85.49,6.27,35.07,mungbean
18,41,23,29.6,86.74,6.47,39.36,mungbean
34,52,15,30.5,82.74,6.64,53.88,mungbean
37,44,19,28.23,87.08,7.14,41.57,mungbean
34,56,17,27.36,83.5,6.99,43.79,mungbean
18,43,19,32.4,86.36,6.89,41.07,mungbean
20,54,23,35.42,83.59,6.6,57.67,mungbean
34,38,15,31.28,87.09,6.75,53.96,mungbean
24,49,22,30.72,81.19,6.23,37.36,mungbean
25,50,18,35.57,84.43,7.08,30.6,mungbean
12,60,24,34.49,88.78,6.26,40.77,mungbean
39,52,20,35.66,85.78,6.66,59.51,mungbean
11,35,23,28.11,83.08,7.07,49.81,mungbean
17,35,23,33.53,84.1,6.88,47.49,mungbean
26,53,20,33.35,85.18,6.29,36.23,mungbean
30,41,22,31.81,87.69,6.79,30.44,mungbean
17,58,20,33.63,86.48,6.44,40.67,mungbean
24,48,16,29.69,84.3,6.66,50.13,mungbean
17,54,20,34.18,84.19,6.47,31.67,mungbean
25,51,20,33.49,82.55,6.76,37.21,mungbean
19,57,25,32.78,81.81,6.77,57.89,mungbean
27,58,17,32.11,82.77,6.61,41.94,mungbean
30,49,18,35.66,87.83,6.73,52.73,mungbean
36,58,21,29.73,82.56,6.51,58.34,mungbean
40,60,20,32.62,88.91,6.77,39.34,mungbean
38,44,15,27.34,82.12,6.27,40.77,mungbean
30,53,16,30.14,84.21,6.71,45.97,mungbean
25,60,25,28.02,64.38,6.74,65.7,blackgram
36,64,25,25.67,63.34,7.43,66.05,blackgram
40,56,16,34.11,60.13,7.0,65.35,blackgram
60,64,22,29.23,67.99,7.17,65.85,blackgram
60,57,20,31.59,66.75,6.75,63.48,blackgram
26,62,17,33.53,65.39,7.23,61.83,blackgram
53,58,19,31.93,65.94,7.03,62.03,blackgram
47,71,25,25.98,65.55,7.38,71.69,blackgram
44,69,17,31.24,68.86,6.74,74.97,blackgram
30,57,20,25.43,63.06,7.4,62.32,blackgram
54,58,19,32.68,64.33,7.44,61.43,blackgram
41,70,22,25.86,69.68,7.48,61.34,blackgram
22,71,20,27.91,66.6,6.86,73.78,blackgram
52,65,21,30.21,62.41,7.4,60.43,blackgram
38,75,19,28.02,66.83,7.27,65.39,blackgram
29,70,23,30.9,65.69,6.86,68.8,blackgram
38,64,18,34.01,67.45,7.4,74.23,blackgram
39,61,19,30.69,62.51,7.19,64.19,blackgram
25,74,17,27.42,67.53,7.09,73.41,blackgram
31,66,23,28.3,61.05,7.27,66.04,blackgram
59,68,21,34.89,60.71,6.93,62.51,blackgram
34,57,18,25.5,61.68,7.39,69.69,blackgram
28,62,20,27.2,67.74,7.39,60.49,blackgram
21,75,22,28.95,64.82,7.29,66.37,blackgram
42,59,16,30.85,62.67,7.49,73.64,blackgram
51,60,23,28.39,63.3,6.74,66.43,blackgram
43,74,22,31.29,65.21,6.63,65.82,blackgram
39,71,20,28.18,68.37,6.57,72.93,blackgram
52,56,24,31.27,66.62,6.6,61.85,blackgram
58,67,17,28.98,61.01,7.25,63.25,blackgram
38,74,18,29.3,65.61,7.12,63.22,blackgram
37,65,18,30.33,64.84,7.15,74.49,blackgram
59,61,16,30.89,62.22,7.06,64.78,blackgram
25,73,16,27.68,62.99,6.6,67.01,blackgram
37,68,20,31.67,69.24,7.36,74.51,blackgram
25,73,15,27.66,60.2,7.25,64.47,blackgram
49,68,21,29.19,66.23,7.45,66.82,blackgram
32,56,19,26.42,68.69,7.2,63.46,blackgram
53,61,24,26.44,67.74,7.36,67.24,blackgram
55,74,16,34.84,64.9,6.78,70.68,blackgram
23,65,25,34.81,65.08,6.84,70.59,blackgram
44,67,18,25.61,61.61,7.43,68.69,blackgram
32,58,24,33.74,62.29,6.77,74.92,blackgram
54,77,19,26.8,63.01,6.6,71.46,blackgram
51,58,21,28.16,64.84,6.8,68.76,blackgram
24,59,15,30.05,63.52,6.97,62.88,blackgram
53,70,19,25.59,67.87,7.18,73.66,blackgram
32,80,19,32.72,68.7,6.78,72.23,blackgram
20,80,16,33.98,64.21,6.78,73.8,blackgram
58,72,18,33.75,60.61,7.19,68.48,blackgram
57,78,19,28.54,67.73,7.18,63.38,blackgram
26,70,22,26.64,62.15,7.18,70.35,blackgram
27,71,16,34.9,60.33,7.1,68.66,blackgram
59,75,24,27.08,69.05,6.92,67.75,blackgram
52,59,16,34.1,60.12,6.72,60.29,blackgram
45,62,22,32.99,60.41,7.31,61.88,blackgram
43,70,25,27.2,65.53,7.12,72.85,blackgram
24,79,16,31.53,62.46,7.26,67.26,blackgram
50,60,17,26.32,64.92,7.34,73.31,blackgram
21,70,21,28.66,65.48,7.5,63.52,blackgram
43,60,23,28.35,68.49,7.45,66.32,blackgram
51,72,18,31.97,64.98,6.52,63.57,blackgram
23,63,21,30.24,62.85,7.41,67.17,blackgram
23,63,19,26.71,68.76,6.57,65.99,blackgram
36,56,15,27.19,62.91,6.9,68.73,blackgram
39,56,18,27.86,60.38,6.86,65.34,blackgram
49,66,22,29.68,64.81,7.03,69.47,blackgram
25,56,15,28.26,69.31,7.14,68.17,blackgram
60,56,25,29.36,64.59,7.4,67.89,blackgram
34,74,19,34.85,60.36,7.09,67.29,blackgram
21,58,25,26.53,60.98,6.72,66.15,blackgram
49,65,25,31.6,63.54,6.78,63.43,blackgram
24,70,24,29.47,62.43,6.52,66.34,blackgram
34,74,22,32.19,66.76,7.06,68.4,blackgram
47,63,25,27.85,61.07,6.65,69.98,blackgram
37,63,17,30.01,69.24,6.84,62.37,blackgram
23,55,21,33.75,60.41,7.43,70.45,blackgram
20,67,21,34.53,69.26,6.76,63.06,blackgram
60,76,17,28.6,66.15,6.69,61.54,blackgram
29,64,19,27.62,60.78,7.16,68.8,blackgram
40,57,15,27.05,63.31,7.28,72.16,blackgram
52,67,16,34.0,69.59,7.02,61.24,blackgram
51,59,21,25.69,65.49,6.74,69.34,blackgram
37,65,16,33.76,64.69,7.45,74.53,blackgram
58,61,22,32.91,68.26,6.89,71.88,blackgram
34,73,18,31.57,66.17,6.99,68.71,blackgram
45,65,15,31.77,69.78,7.02,61.91,blackgram
53,72,16,27.99,66.55,7.28,65.93,blackgram
59,68,23,32.42,69.77,6.71,62.05,blackgram
50,64,21,32.06,67.42,7.4,70.91,blackgram
49,62,20,29.2,69.0,7.33,65.46,blackgram
40,72,23,26.73,62.38,6.78,74.1,blackgram
27,74,23,26.95,66.73,6.59,69.32,blackgram
35,70,21,34.29,67.38,7.43,68.78,blackgram
51,67,19,33.44,68.62,7.37,61.34,blackgram
45,80,17,29.71,68.92,6.93,66.08,blackgram
21,62,21,32.09,68.09,6.57,61.83,blackgram
52,55,24,30.04,61.42,7.36,66.91,blackgram
30,67,19,28.25,69.91,7.13,73.22,blackgram
26,56,19,28.23,68.76,6.99,70.93,blackgram
16,79,20,27.24,68.39,6.78,52.26,lentil
34,58,16,16.81,60.46,5.98,53.48,lentil
14,66,20,24.63,65.58,6.84,38.76,lentil
27,66,17,26.19,69.66,6.14,54.48,lentil
13,59,18,25.25,68.27,6.58,54.63,lentil
29,70,25,19.01,67.16,6.75,39.57,lentil
22,77,18,25.75,68.66,6.76,38.02,lentil
15,66,25,28.61,65.41,6.85,39.88,lentil
25,65,19,16.63,60.11,6.33,48.26,lentil
37,73,21,23.98,69.74,6.31,39.95,lentil
28,64,21,17.73,61.06,6.76,47.39,lentil
23,76,25,21.91,61.16,6.57,46.13,lentil
15,71,21,27.63,67.3,6.07,49.19,lentil
10,75,24,19.2,67.62,5.91,40.1,lentil
10,73,20,26.94,69.36,6.05,46.47,lentil
27,70,15,18.98,60.39,6.54,38.72,lentil
24,65,20,25.08,61.19,6.08,35.82,lentil
31,65,15,29.79,63.48,6.08,54.83,lentil
32,80,25,22.9,67.13,6.05,43.8,lentil
12,60,17,25.73,69.33,6.5,36.32,lentil
22,75,17,17.75,66.13,6.64,49.16,lentil
32,61,18,16.4,61.99,6.67,49.96,lentil
17,68,21,20.7,66.93,6.19,42.19,lentil
10,65,19,29.33,67.62,6.37,54.44,lentil
37,64,22,22.78,65.7,6.08,41.65,lentil
32,75,19,29.38,63.21,6.38,47.99,lentil
34,69,21,28.53,67.78,5.93,46.2,lentil
22,70,21,23.47,64.96,6.86,53.97,lentil
26,56,21,19.05,60.25,6.42,42.99,lentil
25,65,23,21.35,61.1,6.64,35.72,lentil
32,62,15,16.15,60.8,6.39,54.61,lentil
17,77,24,22.29,63.72,6.62,50.37,lentil
38,72,24,24.59,65.32,6.7,36.33,lentil
23,60,18,26.18,66.49,6.78,53.59,lentil
40,65,19,22.51,69.18,6.83,49.61,lentil
12,61,23,24.46,66.24,6.74,52.03,lentil
35,72,17,22.26,68.76,6.65,42.15,lentil
13,64,15,23.52,63.65,6.64,51.18,lentil
39,55,24,23.54,64.04,6.09,40.93,lentil
19,77,24,21.0,68.54,6.75,38.89,lentil
31,67,15,20.69,61.63,6.82,47.38,lentil
25,74,15,17.43,64.45,6.35,50.51,lentil
13,79,17,26.34,66.18,6.21,46.9,lentil
20,55,24,23.65,60.85,5.99,36.32,lentil
26,61,16,21.49,65.61,6.3,38.14,lentil
26,74,15,19.34,61.92,6.32,49.78,lentil
28,56,20,25.18,68.26,6.16,48.19,lentil
31,69,21,28.47,67.32,6.76,41.59,lentil
26,70,22,28.01,67.09,6.49,49.31,lentil
13,75,23,28.14,65.47,6.35,43.58,lentil
31,72,20,28.87,67.1,6.09,44.95,lentil
13,67,25,20.76,67.47,6.65,43.49,lentil
39,61,16,20.08,67.24,6.33,43.01,lentil
20,69,22,20.99,62.82,6.64,39.24,lentil
22,61,23,26.26,62.39,5.9,39.78,lentil
40,60,25,20.04,63.99,6.77,46.37,lentil
13,79,16,25.36,62.1,6.01,47.75,lentil
21,64,25,25.77,64.16,6.64,38.66,lentil
33,80,20,17.84,62.35,6.18,51.97,lentil
31,64,15,19.24,66.03,6.48,44.03,lentil
11,55,25,28.26,63.36,6.77,41.58,lentil
35,65,17,17.09,66.47,6.77,53.89,lentil
34,74,18,23.07,69.21,6.47,47.25,lentil
27,69,16,22.49,69.81,6.53,37.31,lentil
24,58,18,23.12,68.91,6.48,53.49,lentil
18,64,22,16.23,66.73,5.92,42.81,lentil
34,75,25,16.33,65.89,6.19,52.37,lentil
22,55,23,19.84,65.48,6.27,44.34,lentil
11,55,15,17.75,62.31,6.4,37.79,lentil
13,57,15,18.64,65.47,5.95,45.12,lentil
39,58,22,24.44,64.3,6.63,38.89,lentil
20,57,15,23.09,68.19,6.11,36.82,lentil
19,69,24,22.65,66.68,6.29,46.89,lentil
36,78,16,22.76,67.51,6.46,45.21,lentil
31,78,23,27.44,62.45,6.05,54.3,lentil
30,65,18,18.34,65.23,6.89,36.46,lentil
18,72,16,16.07,63.89,6.1,38.68,lentil
24,73,21,24.38,60.02,6.7,41.27,lentil
14,67,17,22.24,61.97,6.24,39.64,lentil
33,55,18,19.06,62.56,6.44,41.97,lentil
35,58,23,24.31,63.61,6.3,40.66,lentil
40,70,16,21.65,65.2,5.98,54.12,lentil
30,56,25,21.08,62.71,6.52,43.34,lentil
17,74,22,22.91,65.64,6.14,53.36,lentil
19,62,18,24.1,69.3,6.83,41.16,lentil
20,64,18,27.43,66.0,6.06,53.94,lentil
34,76,22,20.42,61.81,6.7,37.24,lentil
13,80,22,27.56,66.81,5.98,41.96,lentil
29,71,23,23.27,69.15,6.02,41.73,lentil
17,71,25,16.06,63.17,6.35,50.9,lentil
13,68,23,18.07,64.6,6.26,39.96,lentil
37,80,17,19.94,61.78,6.34,54.18,lentil
38,76,17,17.39,60.65,6.57,45.5,lentil
37,66,16,23.21,61.58,6.65,38.58,lentil
28,57,24,21.44,66.21,6.35,43.97,lentil
24,75,19,27.28,62.05,6.86,50.12,lentil
27,63,22,19.76,65.27,6.66,47.39,lentil
14,59,24,17.28,64.35,6.84,37.75,lentil
40,66,16,16.23,61.22,6.24,46.33,lentil
15,79,24,29.82,64.85,6.74,39.38,lentil
28,22,37,23.88,91.59,7.12,108.55,pomegranate
5,17,35,22.76,87.66,6.77,102.95,pomegranate
28,14,42,23.72,91.77,6.43,106.36,pomegranate
38,17,45,22.75,89.38,6.72,109.85,pomegranate
26,30,36,22.87,88.17,6.55,105.81,pomegranate
12,17,35,18.86,93.11,6.67,101.24,pomegranate
22,10,35,21.58,90.79,7.23,108.61,pomegranate
33,27,40,24.01,88.91,6.36,107.48,pomegranate
28,8,41,20.33,94.03,7.23,104.91,pomegranate
33,22,41,19.45,90.56,6.37,108.48,pomegranate
22,5,43,24.56,85.79,6.05,109.15,pomegranate
38,13,41,21.35,85.04,6.39,109.57,pomegranate
26,15,42,22.99,92.45,7.47,106.84,pomegranate
40,25,40,22.3,88.58,6.62,101.58,pomegranate
20,30,37,22.48,87.03,5.83,104.08,pomegranate
18,12,35,21.59,92.26,6.78,101.86,pomegranate
15,26,35,23.92,87.91,5.87,107.59,pomegranate
21,11,44,21.66,93.66,7.15,100.67,pomegranate
10,24,45,21.37,88.89,5.74,104.97,pomegranate
24,14,40,18.09,92.13,6.43,105.86,pomegranate
28,28,42,20.58,90.6,6.49,109.44,pomegranate
34,27,37,20.96,93.62,7.12,103.92,pomegranate
17,28,41,19.68,93.16,5.97,100.06,pomegranate
19,9,36,23.79,92.66,6.59,108.83,pomegranate
36,19,36,23.31,88.41,6.92,103.85,pomegranate
39,18,40,18.53,85.26,6.24,108.3,pomegranate
28,29,43,21.21,87.19,5.52,103.9,pomegranate
18,29,40,21.27,87.3,7.24,108.47,pomegranate
8,11,35,23.65,87.62,7.11,108.81,pomegranate
7,25,37,23.2,93.27,6.14,104.14,pomegranate
5,27,36,19.14,93.02,6.93,101.3,pomegranate
37,16,37,23.32,86.95,5.9,103.21,pomegranate
22,17,39,18.48,85.85,5.52,106.25,pomegranate
8,18,38,22.81,86.79,6.31,103.85,pomegranate
5,21,42,23.59,90.53,5.55,105.07,pomegranate
10,14,42,24.02,87.51,5.58,101.81,pomegranate
27,7,44,20.73,88.17,5.9,102.94,pomegranate
35,26,37,18.3,90.04,7.12,103.33,pomegranate
25,6,44,23.38,87.15,7.43,106.77,pomegranate
38,7,42,23.69,88.44,5.76,106.91,pomegranate
26,26,40,21.45,93.97,7.45,106.59,pomegranate
7,13,35,24.78,86.14,6.09,102.34,pomegranate
3,10,40,19.46,90.99,5.67,101.46,pomegranate
31,14,44,20.8,89.7,6.73,108.02,pomegranate
16,22,41,23.62,85.09,6.12,108.87,pomegranate
8,28,45,24.56,89.77,7.2,100.65,pomegranate
25,15,36,22.36,88.12,6.14,107.87,pomegranate
18,28,45,20.98,91.01,6.3,105.82,pomegranate
32,5,39,19.59,90.54,6.9,108.83,pomegranate
40,23,45,19.97,93.3,6.68,102.43,pomegranate
3,26,35,22.1,86.42,7.27,109.27,pomegranate
31,23,35,21.13,89.76,5.8,101.21,pomegranate
13,16,42,20.88,85.23,6.62,104.55,pomegranate
6,12,40,22.66,88.41,6.67,107.27,pomegranate
9,21,40,22.37,85.98,5.95,102.24,pomegranate
15,20,36,19.88,90.78,5.64,107.03,pomegranate
36,22,39,18.61,90.23,6.98,103.63,pomegranate
37,21,43,22.61,90.58,6.21,108.06,pomegranate
5,9,35,18.84,92.09,5.65,103.66,pomegranate
3,26,45,22.41,85.39,6.17,105.73,pomegranate
30,25,35,19.75,92.6,5.66,100.89,pomegranate
29,6,38,18.23,90.5,7.4,108.82,pomegranate
17,7,41,18.79,87.56,7.18,103.63,pomegranate
29,11,45,22.0,86.23,5.82,108.26,pomegranate
18,18,44,23.19,94.45,6.56,100.49,pomegranate
29,23,35,19.19,93.26,5.92,102.88,pomegranate
31,26,38,24.3,87.04,7.12,102.93,pomegranate
12,7,39,20.05,92.92,6.18,104.35,pomegranate
10,11,39,20.7,91.1,6.93,109.79,pomegranate
8,26,39,24.68,87.33,5.55,106.46,pomegranate
21,23,37,21.45,89.68,5.56,103.05,pomegranate
25,14,44,22.2,94.35,6.28,101.62,pomegranate
27,24,44,22.09,85.78,5.91,102.27,pomegranate
29,13,42,18.16,87.45,6.69,108.23,pomegranate
12,26,35,19.52,92.36,5.67,106.6,pomegranate
16,11,38,18.38,93.33,6.74,106.16,pomegranate
18,29,36,21.05,90.99,5.65,102.75,pomegranate
33,26,40,23.68,88.71,5.57,100.55,pomegranate
14,13,44,21.92,92.15,7.43,109.21,pomegranate
38,30,39,23.46,89.06,5.85,108.44,pomegranate
13,23,38,24.49,89.87,5.66,107.5,pomegranate
7,19,37,18.81,93.97,7.17,107.78,pomegranate
25,7,38,21.45,89.35,6.81,102.46,pomegranate
14,8,39,23.73,92.34,7.47,108.45,pomegranate
31,21,43,18.98,93.34,6.77,109.63,pomegranate
22,7,39,19.2,85.86,6.54,100.75,pomegranate
17,27,41,22.83,94.68,5.62,107.09,pomegranate
38,25,42,18.26,86.15,6.82,102.33,pomegranate
4,21,42,21.35,85.35,7.23,109.4,pomegranate
34,6,35,20.85,91.92,5.62,109.59,pomegranate
27,21,41,21.02,86.82,6.86,109.31,pomegranate
12,20,41,21.73,91.77,6.41,109.14,pomegranate
37,28,37,24.04,91.87,6.66,100.02,pomegranate
38,26,37,23.44,94.43,6.4,100.3,pomegranate
25,8,37,18.42,88.47,5.51,100.11,pomegranate
38,12,37,24.81,89.85,5.74,104.65,pomegranate
9,18,37,20.32,89.32,6.82,107.08,pomegranate
32,26,42,23.09,87.77,5.61,108.02,pomegranate
10,10,44,18.15,92.22,6.01,109.44,pomegranate
12,29,44,18.04,94.95,6.66,105.25,pomegranate
84,79,54,26.38,82.44,5.92,113.55,banana
119,87,54,25.18,76.46,6.05,94.31,banana
112,80,55,26.57,75.69,5.5,105.02,banana
80,89,54,28.06,78.44,6.06,101.32,banana
82,81,45,29.34,75.33,6.27,113.22,banana
96,75,45,28.03,82.62,6.38,98.92,banana
92,92,45,26.55,76.24,6.44,112.7,banana
106,85,50,29.05,81.15,5.91,102.81,banana
86,95,51,27.8,80.15,5.95,114.47,banana
112,93,49,27.86,84.91,5.73,102.24,banana
83,88,50,29.91,77.22,6.27,94.29,banana
95,95,49,28.65,75.8,5.53,102.97,banana
120,79,52,27.74,76.34,5.74,94.12,banana
90,86,53,27.51,83.18,6.29,93.49,banana
111,90,52,28.25,81.71,6.25,110.75,banana
115,95,47,28.79,82.07,5.75,101.83,banana
82,81,47,26.38,78.98,6.39,102.78,banana
119,94,45,26.7,77.87,5.73,101.5,banana
101,93,55,28.65,79.95,6.47,92.79,banana
89,88,55,25.24,79.98,6.04,90.6,banana
98,79,50,26.5,81.8,5.56,103.78,banana
111,75,53,28.76,78.89,6.48,101.67,banana
97,83,50,26.86,81.51,5.62,107.84,banana
100,91,54,25.61,78.23,6.29,103.13,banana
86,81,49,25.99,83.88,5.68,105.45,banana
104,79,50,28.74,81.34,6.36,113.26,banana
120,86,50,26.78,76.6,6.1,113.76,banana
90,82,50,29.66,80.89,5.52,90.34,banana
115,86,49,25.74,79.18,5.61,97.19,banana
103,88,52,28.43,81.76,6.02,97.84,banana
108,92,54,27.81,75.44,6.13,94.05,banana
106,78,50,27.27,81.86,5.76,109.86,banana
95,92,48,26.48,75.22,6.46,92.72,banana
101,79,48,28.72,78.08,5.52,110.71,banana
82,82,55,25.28,77.2,5.56,96.93,banana
95,94,55,27.4,77.41,6.47,92.4,banana
112,87,54,26.77,80.51,5.84,106.04,banana
118,89,52,25.89,80.04,5.76,106.98,banana
102,85,47,28.15,80.84,5.56,98.02,banana
98,87,55,25.68,82.91,6.31,102.28,banana
90,85,47,27.81,80.46,6.35,90.09,banana
91,88,50,29.21,84.25,6.36,109.71,banana
96,81,48,25.57,81.69,5.52,102.47,banana
110,89,45,29.61,75.93,6.17,92.0,banana
110,78,54,29.72,82.67,6.4,111.5,banana
105,85,55,29.41,80.12,6.18,112.86,banana
114,95,49,28.25,77.41,6.03,90.95,banana
108,82,52,29.51,84.11,5.57,98.03,banana
102,81,50,28.2,75.07,6.27,96.27,banana
99,88,47,28.06,83.08,6.03,93.15,banana
94,79,55,28.44,76.3,5.72,110.85,banana
84,94,50,27.05,79.42,6.46,92.99,banana
101,87,49,25.99,83.59,5.99,91.31,banana
96,93,52,26.62,76.9,5.79,96.72,banana
117,75,53,26.86,84.26,5.53,96.63,banana
97,91,48,27.08,84.16,6.17,114.35,banana
99,94,53,28.87,75.11,5.75,108.74,banana
114,79,50,28.13,75.9,5.91,104.2,banana
84,78,52,25.32,82.19,6.16,110.0,banana
112,91,52,28.45,79.94,6.13,105.61,banana
111,76,53,25.2,79.79,6.22,93.54,banana
114,82,45,25.39,83.32,5.57,107.52,banana
117,85,47,28.24,82.36,6.45,90.43,banana
85,95,50,26.56,82.19,6.42,104.78,banana
96,86,48,28.97,82.65,6.28,111.86,banana
117,83,50,29.68,75.95,5.83,104.2,banana
109,79,46,29.92,76.24,5.65,102.13,banana
105,95,47,25.11,78.47,6.5,112.88,banana
88,95,55,28.69,82.45,5.69,102.84,banana
106,95,47,27.28,79.32,6.27,94.07,banana
102,77,55,29.06,82.69,6.0,105.52,banana
87,94,49,25.23,83.2,6.22,109.3,banana
86,88,54,27.9,77.14,5.62,95.67,banana
90,91,46,26.85,76.99,5.69,101.35,banana
115,87,49,27.27,76.35,5.75,107.49,banana
95,85,48,29.57,80.78,5.62,98.92,banana
82,89,50,27.05,77.15,5.84,111.62,banana
87,89,45,25.52,77.95,5.58,92.99,banana
82,81,48,26.5,77.5,5.99,92.95,banana
97,81,54,25.16,83.98,5.54,107.15,banana
108,86,55,29.98,75.58,5.9,90.75,banana
104,90,53,25.79,82.27,6.12,114.77,banana
114,88,49,25.76,80.84,6.27,111.93,banana
106,86,53,27.76,81.15,6.12,99.64,banana
106,82,51,26.24,84.05,5.79,98.74,banana
87,90,50,25.31,75.83,5.69,105.87,banana
85,90,55,29.58,77.76,5.98,94.89,banana
107,88,53,28.45,80.32,5.95,92.57,banana
104,91,45,26.47,81.68,5.52,105.88,banana
110,93,53,25.14,80.55,6.25,104.79,banana
92,77,55,26.37,79.26,5.89,114.27,banana
81,86,46,27.15,80.34,6.23,91.64,banana
111,78,51,25.21,76.77,5.79,91.94,banana
107,80,50,25.55,76.19,5.95,92.88,banana
107,93,50,26.57,83.95,5.64,111.48,banana
103,76,51,26.19,81.7,5.99,104.25,banana
95,89,48,26.81,77.4,5.86,110.0,banana
101,85,55,25.34,81.51,5.95,100.89,banana
95,94,50,25.97,83.24,6.13,104.86,banana
111,90,51,25.54,79.45,6.13,92.57,banana
33,20,27,28.26,47.38,6.45,96.53,mango
21,39,33,29.79,48.64,5.67,97.7,mango
36,33,25,29.05,52.66,6.41,93.96,mango
28,29,29,33.8,52.75,6.64,93.73,mango
21,29,30,34.62,53.65,4.91,98.04,mango
14,37,30,28.2,52.42,6.49,96.49,mango
38,29,28,33.43,46.25,6.01,98.53,mango
14,20,32,28.46,51.69,5.11,91.73,mango
14,33,30,27.93,45.22,6.37,90.58,mango
23,36,31,31.21,45.99,5.46,99.41,mango
23,33,30,35.66,47.97,5.82,95.73,mango
18,16,29,30.56,46.58,5.39,93.9,mango
34,27,27,27.83,47.13,4.81,95.79,mango
28,27,25,30.95,51.65,6.94,99.81,mango
15,30,30,29.74,47.13,6.66,97.42,mango
40,21,35,32.98,49.17,4.52,90.27,mango
11,28,26,30.8,52.75,6.55,99.48,mango
26,24,27,28.87,49.9,6.15,93.85,mango
28,25,27,35.13,45.21,6.55,93.84,mango
36,35,29,29.39,51.49,4.72,95.46,mango
11,24,25,34.17,48.8,5.84,93.61,mango
20,39,34,33.29,53.49,5.4,90.21,mango
37,38,34,27.21,51.61,6.93,99.22,mango
19,38,27,32.02,45.6,5.03,96.06,mango
13,26,27,29.64,48.46,6.99,96.38,mango
25,33,35,30.45,45.83,4.65,92.56,mango
17,36,31,32.68,45.33,6.91,96.64,mango
14,27,34,32.54,52.6,5.45,95.24,mango
37,24,28,27.86,51.91,6.36,96.78,mango
25,38,25,28.64,53.97,5.32,90.34,mango
16,21,27,29.68,45.76,6.68,95.52,mango
15,34,30,30.02,48.78,5.92,97.23,mango
24,21,34,31.03,48.73,5.91,91.25,mango
14,19,30,32.49,54.26,5.29,96.24,mango
21,18,35,28.95,52.3,6.93,92.08,mango
28,30,28,35.78,48.23,4.9,97.6,mango
28,20,33,27.88,53.13,5.82,91.09,mango
40,19,26,32.94,53.69,6.38,90.22,mango
19,31,26,33.73,52.57,5.86,98.81,mango
19,38,30,32.66,48.62,4.74,95.72,mango
34,34,30,34.8,51.53,6.7,95.04,mango
31,21,33,31.11,48.6,5.07,96.55,mango
13,19,26,33.84,53.13,6.45,93.37,mango
35,27,34,32.06,50.08,6.14,94.04,mango
37,37,27,31.86,49.35,5.38,93.94,mango
16,38,30,29.4,53.93,5.94,91.9,mango
11,21,33,34.47,48.85,6.94,90.99,mango
13,26,25,27.09,53.43,5.02,96.38,mango
21,36,33,35.82,52.85,5.85,90.27,mango
16,35,30,30.67,47.79,5.92,92.45,mango
11,26,26,29.69,52.36,6.47,99.61,mango
33,38,31,27.38,48.17,6.84,93.71,mango
34,22,25,30.29,48.1,4.59,98.9,mango
37,27,33,32.04,48.06,6.48,90.07,mango
11,31,27,28.58,47.59,4.61,98.44,mango
27,24,25,30.83,48.88,5.73,99.1,mango
13,26,33,32.9,49.74,6.21,96.77,mango
12,35,34,28.37,46.55,6.79,96.47,mango
37,34,31,31.49,50.78,5.37,98.31,mango
39,31,33,35.33,48.8,6.06,91.04,mango
25,38,25,29.96,48.94,5.03,94.22,mango
32,28,34,31.34,50.78,6.37,92.66,mango
22,38,34,33.82,52.92,6.19,93.93,mango
21,31,34,30.48,46.3,5.73,98.84,mango
37,21,28,29.46,51.28,5.89,94.11,mango
25,24,35,27.03,51.42,4.68,96.93,mango
34,36,30,27.37,49.86,5.59,90.09,mango
17,34,26,28.18,54.86,4.65,92.61,mango
29,33,29,33.49,52.46,5.11,98.11,mango
24,38,33,27.08,46.35,6.21,98.9,mango
39,24,34,28.14,52.47,6.83,91.28,mango
15,27,35,32.56,54.5,6.58,97.66,mango
34,28,33,27.92,45.01,5.31,90.21,mango
30,38,33,31.3,49.24,5.1,91.15,mango
17,35,32,30.39,51.65,4.95,98.67,mango
32,39,25,30.75,45.67,4.54,94.99,mango
20,23,32,29.1,52.18,6.9,90.28,mango
39,33,31,30.93,45.02,6.66,92.76,mango
20,15,33,35.4,53.31,5.12,92.86,mango
34,26,26,33.05,53.31,5.64,91.99,mango
36,38,25,28.62,52.75,6.8,90.96,mango
24,24,34,31.03,52.7,6.79,94.94,mango
37,33,32,30.08,50.03,5.92,98.91,mango
23,38,29,27.13,50.6,5.35,99.81,mango
29,40,26,31.8,46.7,5.06,93.96,mango
21,34,30,35.16,48.48,6.48,91.26,mango
37,17,35,27.49,48.34,4.68,93.47,mango
28,31,29,28.32,45.07,6.11,97.95,mango
11,18,29,32.3,50.74,5.02,99.11,mango
38,29,31,28.77,46.97,6.69,90.32,mango
21,37,35,32.36,47.09,5.96,94.17,mango
36,24,26,28.21,45.61,6.55,94.6,mango
24,28,29,35.2,51.42,5.14,95.71,mango
33,26,28,35.19,48.54,6.83,95.69,mango
23,28,29,32.96,53.14,5.03,93.64,mango
13,28,31,29.29,45.97,4.53,93.88,mango
28,17,35,32.32,53.85,4.91,93.85,mango
13,32,30,30.47,52.34,4.57,98.85,mango
32,17,30,35.42,47.14,5.04,91.6,mango
40,35,27,32.04,54.81,5.73,94.22,mango
32,127,203,17.2,83.78,5.61,67.58,grapes
38,141,202,26.55,84.22,5.6,67.23,grapes
39,144,203,11.06,84.8,5.5,70.69,grapes
22,125,204,24.56,81.0,5.95,68.23,grapes
32,128,195,13.55,83.75,5.77,65.16,grapes
33,127,197,12.48,84.52,5.75,71.65,grapes
36,138,198,29.95,81.04,5.85,69.87,grapes
23,130,202,14.37,81.72,5.69,74.46,grapes
25,144,197,35.79,84.26,5.97,68.68,grapes
35,138,205,19.47,84.78,5.95,70.49,grapes
30,143,204,32.6,80.01,5.51,66.1,grapes
30,135,199,39.85,84.78,5.83,68.83,grapes
26,120,197,29.03,82.27,5.56,71.29,grapes
40,145,198,8.64,80.15,5.65,71.7,grapes
32,128,198,9.69,82.54,5.63,72.28,grapes
24,139,198,22.16,81.92,6.0,70.75,grapes
39,124,200,14.5,84.86,5.83,71.09,grapes
32,127,205,20.39,84.93,5.99,73.0,grapes
20,132,204,11.08,82.78,5.65,67.53,grapes
25,133,200,9.53,81.53,5.84,66.48,grapes
29,123,200,39.77,84.92,5.52,74.33,grapes
38,140,195,21.2,81.3,5.7,72.25,grapes
28,142,198,14.02,80.97,5.79,69.43,grapes
39,137,198,21.23,82.21,5.94,65.74,grapes
24,127,197,23.13,84.87,5.84,74.25,grapes
33,120,205,31.33,84.71,5.53,70.14,grapes
28,127,198,9.22,84.37,5.55,72.63,grapes
34,141,203,30.6,82.4,5.75,74.69,grapes
31,143,200,12.6,80.91,5.72,65.04,grapes
38,129,197,31.44,82.92,5.84,66.75,grapes
34,139,205,37.46,84.16,5.99,65.41,grapes
30,135,203,15.67,81.0,5.99,72.85,grapes
28,144,195,36.43,84.49,5.72,66.03,grapes
40,131,201,31.91,80.99,5.55,74.77,grapes
30,132,195,22.57,83.94,5.56,71.05,grapes
22,122,203,32.59,80.14,5.92,65.54,grapes
23,128,204,14.56,82.05,5.63,65.19,grapes
34,127,203,21.98,84.05,5.64,67.6,grapes
36,121,200,32.28,83.5,5.5,72.45,grapes
22,144,197,38.36,83.48,5.54,65.55,grapes
37,135,198,30.9,80.49,5.89,65.81,grapes
31,144,200,28.36,80.1,5.92,72.38,grapes
27,140,196,36.77,82.47,5.73,66.87,grapes
37,145,195,29.24,82.79,5.74,65.98,grapes
39,126,205,11.24,84.25,5.72,65.42,grapes
31,140,198,24.71,80.8,5.66,71.01,grapes
38,122,202,38.24,84.0,5.79,72.24,grapes
36,142,201,37.14,83.05,5.52,65.4,grapes
21,137,197,11.18,81.83,5.56,73.96,grapes
35,135,204,16.49,84.54,5.78,68.85,grapes
30,128,201,29.38,81.68,5.89,72.12,grapes
34,132,196,39.83,83.95,5.67,72.68,grapes
21,121,197,27.47,82.12,5.89,70.49,grapes
40,139,200,15.62,80.32,5.59,74.07,grapes
36,130,197,37.1,80.87,5.99,67.27,grapes
30,127,198,15.33,83.62,5.85,72.09,grapes
38,135,201,24.16,82.99,5.56,67.95,grapes
30,136,205,21.82,82.39,5.76,73.52,grapes
29,134,199,12.56,84.99,5.68,70.87,grapes
34,142,201,23.1,83.49,5.74,71.34,grapes
39,136,201,34.46,80.51,5.52,73.43,grapes
20,132,199,35.78,83.57,5.57,71.65,grapes
30,126,202,27.05,84.99,5.52,67.13,grapes
35,140,203,9.47,81.65,5.86,72.65,grapes
31,142,200,30.75,81.66,5.63,72.44,grapes
26,132,202,28.65,82.06,5.7,67.29,grapes
34,126,202,14.52,84.29,5.95,68.95,grapes
36,133,202,14.84,81.28,5.51,73.18,grapes
25,127,195,36.5,80.98,5.63,71.89,grapes
35,140,198,25.01,84.5,5.98,72.58,grapes
36,134,203,29.0,82.14,5.74,74.63,grapes
27,137,202,31.56,83.21,5.97,66.05,grapes
31,137,201,9.87,81.17,5.97,70.18,grapes
30,121,196,17.08,84.7,5.85,67.52,grapes
26,145,205,25.06,80.38,5.53,71.6,grapes
22,132,204,37.67,81.78,5.75,69.19,grapes
20,141,200,32.26,80.93,5.73,73.17,grapes
20,141,204,23.87,83.09,5.72,69.0,grapes
31,141,205,22.88,82.12,5.72,69.56,grapes
33,130,204,21.37,80.87,5.83,72.29,grapes
34,126,201,16.68,83.09,5.8,71.03,grapes
31,126,196,19.24,84.25,5.57,73.77,grapes
32,125,197,18.48,80.03,5.93,73.91,grapes
36,128,202,10.65,82.16,5.8,69.57,grapes
33,129,200,36.57,83.55,5.9,70.58,grapes
31,121,204,17.88,81.23,5.98,69.07,grapes
30,126,198,19.57,83.12,5.63,74.24,grapes
31,122,200,19.47,84.35,5.99,68.66,grapes
30,138,204,12.21,84.19,5.52,69.6,grapes
32,141,199,30.1,83.21,5.85,68.87,grapes
31,142,204,29.53,81.78,5.94,73.16,grapes
23,138,197,18.47,82.79,5.84,66.6,grapes
40,145,205,35.19,82.17,5.67,72.92,grapes
30,125,197,25.73,83.39,5.53,71.93,grapes
39,139,204,39.82,83.89,5.85,71.53,grapes
29,138,202,12.88,80.39,5.82,72.89,grapes
25,143,200,18.88,80.43,5.83,66.07,grapes
24,130,204,37.42,84.94,5.62,67.61,grapes
40,140,199,8.69,80.71,5.67,68.93,grapes
28,120,199,31.41,80.59,5.72,68.85,grapes
94,13,52,24.56,85.02,6.48,52.42,watermelon
81,28,51,26.27,81.77,6.97,47.24,watermelon
81,16,45,24.25,81.52,6.46,42.39,watermelon
83,25,46,24.23,89.14,6.12,55.01,watermelon
100,14,53,24.33,88.7,6.75,56.1,watermelon
84,25,55,26.2,86.86,6.76,41.76,watermelon
81,21,50,26.66,81.22,6.66,58.62,watermelon
96,28,48,24.64,82.52,6.17,52.4,watermelon
94,18,54,25.27,80.92,6.17,54.05,watermelon
80,20,54,24.24,87.48,6.28,46.96,watermelon
84,9,55,26.97,81.99,6.08,56.53,watermelon
81,28,51,25.93,86.54,6.37,48.48,watermelon
85,25,45,26.42,88.33,6.0,42.95,watermelon
92,12,49,25.38,83.48,6.48,46.56,watermelon
93,30,52,25.53,82.43,6.8,44.39,watermelon
89,15,51,25.02,87.23,6.85,46.49,watermelon
89,16,47,24.86,88.24,6.23,53.05,watermelon
100,23,46,24.78,84.96,6.77,50.49,watermelon
96,9,46,24.24,87.82,6.33,57.37,watermelon
97,23,52,24.09,84.26,6.14,59.8,watermelon
94,28,50,25.08,87.84,6.94,45.44,watermelon
94,9,45,25.93,88.27,6.44,54.83,watermelon
82,11,51,25.08,84.14,6.16,40.21,watermelon
81,30,55,24.27,86.96,6.46,52.67,watermelon
96,16,48,26.99,85.3,6.93,45.19,watermelon
94,15,46,25.86,80.22,6.24,43.91,watermelon
96,19,54,26.58,89.59,6.76,54.78,watermelon
91,30,55,25.99,81.47,6.11,47.52,watermelon
86,28,54,25.92,82.37,6.49,50.97,watermelon
97,28,46,25.08,83.87,6.97,44.43,watermelon
96,12,50,26.88,85.22,6.01,50.27,watermelon
100,23,53,26.08,89.0,6.66,54.87,watermelon
91,26,45,26.35,84.14,6.89,58.44,watermelon
98,18,45,24.43,89.68,6.62,46.33,watermelon
80,22,46,24.07,89.73,6.2,55.37,watermelon
89,18,49,25.28,86.33,6.36,55.2,watermelon
85,29,46,26.65,88.88,6.7,53.55,watermelon
85,30,54,24.74,86.02,6.97,56.85,watermelon
100,25,50,26.83,88.77,6.49,51.4,watermelon
93,5,55,25.32,88.74,6.78,46.28,watermelon
80,14,51,24.05,83.75,6.75,49.95,watermelon
80,20,51,25.66,80.7,6.35,45.06,watermelon
96,17,53,25.13,89.35,6.48,51.58,watermelon
92,5,49,26.85,81.34,6.48,52.45,watermelon
97,9,55,25.38,82.02,6.34,46.65,watermelon
99,17,49,24.56,83.8,6.63,44.08,watermelon
83,7,46,24.53,82.85,6.53,50.89,watermelon
96,20,52,24.71,89.7,6.06,57.44,watermelon
99,15,52,24.94,87.78,6.68,59.1,watermelon
95,18,54,26.85,80.27,6.01,53.77,watermelon
90,13,47,24.35,80.34,6.45,46.74,watermelon
98,18,54,24.32,80.13,6.39,53.64,watermelon
94,17,51,25.81,87.48,6.94,46.65,watermelon
95,19,47,25.37,81.89,6.56,40.74,watermelon
84,30,45,25.65,87.41,6.48,58.9,watermelon
85,8,45,26.65,89.51,6.78,53.44,watermelon
92,29,46,25.07,85.13,6.24,52.03,watermelon
86,19,45,25.87,82.93,6.17,45.42,watermelon
97,5,46,24.43,88.53,6.63,57.59,watermelon
95,23,54,26.51,82.62,6.64,47.89,watermelon
87,6,49,26.07,82.07,6.42,53.17,watermelon
95,17,53,26.13,81.14,6.64,52.09,watermelon
85,26,55,25.24,82.92,6.06,49.76,watermelon
94,6,49,24.98,80.5,6.35,56.01,watermelon
100,14,55,25.37,89.24,6.4,47.41,watermelon
100,17,53,26.23,80.09,6.94,48.84,watermelon
81,7,54,26.36,89.51,6.06,41.24,watermelon
96,28,52,26.8,89.85,6.47,58.26,watermelon
80,17,45,24.71,89.21,6.64,41.76,watermelon
86,30,52,25.0,87.2,6.08,50.8,watermelon
83,24,51,24.09,87.01,6.88,49.41,watermelon
87,6,45,24.86,82.15,6.89,56.3,watermelon
98,21,55,25.62,81.27,6.06,47.69,watermelon
90,22,50,26.51,84.36,6.59,45.39,watermelon
82,24,51,24.4,83.63,6.29,41.28,watermelon
90,23,50,26.37,84.98,6.22,41.3,watermelon
94,19,45,24.59,86.4,6.82,46.65,watermelon
81,28,47,24.52,84.81,6.51,40.8,watermelon
97,28,47,25.6,88.56,6.31,40.87,watermelon
93,28,55,26.32,88.27,6.2,58.28,watermelon
82,22,45,24.88,86.5,6.65,55.71,watermelon
95,5,45,25.43,82.6,6.26,48.05,watermelon
97,27,55,24.41,83.07,6.11,49.3,watermelon
91,22,53,24.62,87.6,6.37,42.73,watermelon
95,13,48,24.74,80.11,6.06,50.85,watermelon
94,29,54,26.9,89.85,6.56,40.7,watermelon
87,29,54,26.4,86.76,6.2,42.62,watermelon
93,7,50,25.77,85.21,6.71,50.87,watermelon
83,7,51,26.37,84.45,6.93,46.0,watermelon
91,12,46,24.22,85.0,6.96,58.37,watermelon
89,15,49,26.79,86.45,6.02,50.07,watermelon
95,11,47,26.43,87.92,6.83,57.7,watermelon
96,29,50,26.23,84.67,6.73,44.77,watermelon
100,18,50,24.83,87.37,6.56,44.17,watermelon
82,25,55,24.43,87.74,6.49,49.24,watermelon
80,5,47,26.89,87.82,6.5,54.78,watermelon
92,21,45,25.95,88.84,6.04,42.47,watermelon
85,25,48,26.81,88.87,6.76,59.39,watermelon
100,22,48,25.98,84.83,6.56,52.05,watermelon
94,28,53,26.11,85.03,6.5,43.38,watermelon
83,24,46,29.44,90.51,6.3,24.15,muskmelon
82,23,48,29.68,93.26,6.4,24.64,muskmelon
83,12,51,27.14,92.58,6.19,21.71,muskmelon
96,26,51,28.99,90.59,6.68,24.45,muskmelon
100,16,46,29.0,91.58,6.25,29.88,muskmelon
91,21,45,28.8,92.65,6.72,23.04,muskmelon
84,22,46,27.14,92.62,6.49,23.84,muskmelon
92,13,55,28.4,93.77,6.63,28.7,muskmelon
87,20,51,28.77,90.57,6.47,25.18,muskmelon
96,29,49,28.24,93.83,6.37,29.45,muskmelon
86,5,55,27.13,90.79,6.5,28.34,muskmelon
94,30,55,28.37,92.71,6.33,20.66,muskmelon
82,17,48,28.93,92.12,6.58,29.09,muskmelon
93,5,55,27.26,91.59,6.58,20.14,muskmelon
89,14,45,29.87,94.61,6.68,24.94,muskmelon
95,14,53,27.03,94.83,6.39,28.21,muskmelon
80,8,52,29.25,91.23,6.24,28.33,muskmelon
94,12,47,28.13,94.78,6.19,22.02,muskmelon
91,17,51,27.66,94.74,6.01,28.83,muskmelon
98,18,51,29.88,92.7,6.12,27.28,muskmelon
80,10,48,27.15,94.07,6.24,22.9,muskmelon
99,7,51,27.87,94.55,6.73,21.33,muskmelon
80,17,49,28.54,93.46,6.37,23.45,muskmelon
100,8,51,28.92,90.19,6.51,26.91,muskmelon
98,12,49,29.22,90.54,6.51,23.31,muskmelon
94,26,49,27.49,92.54,6.48,22.72,muskmelon
84,21,54,28.87,93.57,6.06,26.41,muskmelon
96,25,51,27.94,94.83,6.12,23.09,muskmelon
88,27,53,29.23,93.98,6.69,25.11,muskmelon
98,9,46,28.01,93.72,6.32,29.93,muskmelon
88,13,46,29.21,90.03,6.5,26.31,muskmelon
87,24,51,28.85,93.55,6.73,28.66,muskmelon
86,10,45,29.89,90.67,6.28,23.44,muskmelon
91,18,49,29.88,90.91,6.36,27.5,muskmelon
96,27,55,27.2,93.65,6.3,24.17,muskmelon
81,19,49,27.98,93.2,6.1,25.27,muskmelon
94,26,48,28.8,90.07,6.15,23.51,muskmelon
96,25,52,29.09,92.15,6.23,22.7,muskmelon
91,18,49,28.92,94.83,6.55,29.74,muskmelon
80,14,50,27.38,94.55,6.31,27.6,muskmelon
95,18,53,27.12,92.2,6.02,29.57,muskmelon
95,6,55,27.0,91.69,6.4,28.77,muskmelon
94,20,50,29.25,92.12,6.61,24.4,muskmelon
88,10,45,27.1,92.16,6.39,23.48,muskmelon
97,26,45,28.93,92.47,6.24,21.58,muskmelon
90,21,52,28.63,90.09,6.67,29.67,muskmelon
89,11,52,27.89,94.09,6.73,26.94,muskmelon
80,19,54,27.87,90.77,6.44,24.21,muskmelon
97,28,55,27.19,93.95,6.72,21.68,muskmelon
97,25,54,28.47,94.95,6.52,29.44,muskmelon
83,21,52,28.97,90.51,6.06,20.24,muskmelon
89,12,45,29.07,93.31,6.64,24.77,muskmelon
83,29,47,27.72,93.14,6.03,26.11,muskmelon
89,7,49,29.83,92.09,6.09,26.55,muskmelon
92,14,52,28.55,94.28,6.64,28.46,muskmelon
87,9,55,28.7,92.53,6.74,21.73,muskmelon
90,26,50,27.51,91.96,6.02,23.14,muskmelon
80,12,49,28.65,91.57,6.3,27.17,muskmelon
92,9,47,29.64,90.37,6.65,23.57,muskmelon
98,8,49,29.31,93.96,6.09,23.55,muskmelon
91,16,45,27.7,93.1,6.35,28.49,muskmelon
96,25,54,27.37,90.47,6.05,20.11,muskmelon
94,27,45,28.0,93.69,6.31,26.05,muskmelon
80,12,55,29.64,93.48,6.13,28.39,muskmelon
94,19,45,27.81,94.13,6.71,23.89,muskmelon
84,6,47,28.1,92.11,6.08,28.1,muskmelon
81,29,50,29.01,94.36,6.18,24.6,muskmelon
84,27,52,29.54,92.11,6.33,23.03,muskmelon
84,10,46,28.83,94.71,6.09,20.41,muskmelon
99,8,54,29.83,94.17,6.72,27.69,muskmelon
94,11,55,27.47,90.65,6.55,28.63,muskmelon
85,12,50,29.43,92.11,6.21,29.25,muskmelon
91,16,53,27.43,90.08,6.33,25.81,muskmelon
87,26,47,28.13,90.61,6.45,25.52,muskmelon
80,6,51,29.19,91.87,6.56,26.32,muskmelon
99,11,48,29.95,92.63,6.54,28.96,muskmelon
93,29,55,28.38,91.0,6.51,20.51,muskmelon
96,20,55,29.69,94.36,6.26,21.01,muskmelon
85,22,45,29.4,93.5,6.61,20.19,muskmelon
96,30,51,27.87,93.53,6.31,27.6,muskmelon
89,6,47,27.58,91.94,6.61,21.99,muskmelon
91,16,48,27.6,90.93,6.1,22.54,muskmelon
84,24,53,27.91,91.9,6.2,27.72,muskmelon
94,6,45,27.91,94.58,6.47,26.39,muskmelon
96,6,53,29.13,90.14,6.77,22.61,muskmelon
80,21,53,29.85,91.79,6.17,20.62,muskmelon
99,11,53,28.53,94.34,6.35,26.11,muskmelon
87,7,55,29.52,93.38,6.57,28.26,muskmelon
82,19,45,27.24,91.76,6.57,29.3,muskmelon
86,15,47,29.79,90.62,6.12,24.33,muskmelon
92,20,46,29.73,90.78,6.53,20.96,muskmelon
95,23,53,27.84,90.49,6.06,29.29,muskmelon
82,18,49,29.33,94.93,6.08,22.97,muskmelon
84,9,47,27.38,93.52,6.05,25.83,muskmelon
85,25,45,28.6,94.56,6.27,27.24,muskmelon
93,20,51,28.64,91.0,6.55,27.94,muskmelon
89,7,54,27.14,93.93,6.08,24.81,muskmelon
84,5,52,27.73,91.74,6.5,29.01,muskmelon
89,21,49,27.13,93.94,6.08,29.81,muskmelon
85,27,51,29.41,94.12,6.25,24.97,muskmelon
18,120,204,22.79,93.3,6.27,111.6,apple
25,127,196,23.14,91.17,5.52,115.39,apple
17,127,196,22.39,94.62,5.61,102.42,apple
30,133,201,21.62,94.07,5.53,103.02,apple
12,125,199,21.1,93.79,6.16,106.19,apple
20,140,203,21.43,93.39,6.06,124.32,apple
40,134,201,23.66,93.14,5.62,117.11,apple
33,130,199,21.08,90.78,5.8,107.33,apple
2,122,200,21.96,90.08,5.95,117.21,apple
29,134,201,23.82,92.66,6.13,111.54,apple
9,125,203,23.86,90.05,6.29,102.17,apple
1,130,205,22.06,92.17,6.1,102.69,apple
22,127,198,21.09,90.67,6.06,109.16,apple
15,121,195,21.01,90.14,5.69,110.23,apple
19,132,199,22.98,92.45,6.18,108.99,apple
21,141,198,23.04,93.55,6.18,119.92,apple
1,128,197,22.77,91.0,6.21,113.91,apple
21,143,201,22.14,90.88,6.02,110.34,apple
4,135,196,23.31,94.74,6.0,102.46,apple
3,129,195,21.18,90.59,6.22,102.45,apple
10,120,200,22.57,91.16,6.09,105.13,apple
37,128,204,22.44,90.97,6.16,106.58,apple
6,142,198,23.11,94.79,5.82,120.64,apple
12,128,201,22.26,90.07,6.0,109.67,apple
24,130,205,23.41,94.53,5.67,108.84,apple
38,123,195,22.05,90.92,6.36,117.94,apple
37,144,199,21.44,91.75,5.61,104.93,apple
18,131,195,21.33,92.05,5.72,109.42,apple
40,129,203,22.57,91.01,6.33,103.18,apple
37,123,195,21.09,92.32,5.77,115.79,apple
34,143,198,23.29,91.07,6.05,106.08,apple
0,137,205,23.2,90.72,5.89,122.58,apple
26,134,197,23.69,91.71,6.13,116.77,apple
7,138,198,21.45,93.05,5.89,115.17,apple
26,123,196,21.04,90.75,5.74,114.73,apple
34,124,204,23.43,91.53,6.25,124.97,apple
1,136,197,21.78,91.4,5.53,103.91,apple
13,121,199,22.17,94.74,5.6,107.85,apple
32,121,196,21.16,90.19,6.44,115.07,apple
19,141,205,21.89,91.03,5.61,122.02,apple
20,125,202,22.05,93.95,6.42,108.28,apple
1,121,199,22.12,91.42,5.85,120.9,apple
27,125,200,21.57,91.98,6.39,108.4,apple
16,129,201,23.79,94.01,6.43,124.89,apple
25,129,200,23.34,90.78,5.91,106.6,apple
8,125,201,22.91,91.97,5.9,107.5,apple
6,123,196,21.35,93.58,6.49,122.5,apple
9,120,195,23.79,92.43,6.12,113.14,apple
35,120,201,22.52,91.71,6.24,109.98,apple
31,129,201,21.75,94.58,6.42,105.91,apple
33,139,198,23.35,93.37,6.47,117.6,apple
5,125,197,23.83,91.22,6.35,120.85,apple
31,123,203,23.47,93.78,5.69,113.47,apple
40,123,200,21.92,90.34,5.88,118.35,apple
5,138,195,23.99,92.82,6.11,114.72,apple
5,135,203,21.21,91.66,5.54,115.46,apple
40,137,198,23.17,91.76,6.13,115.13,apple
19,130,204,23.31,91.35,6.35,118.7,apple
40,131,198,22.46,90.03,5.7,117.0,apple
5,135,198,21.55,91.01,6.07,111.82,apple
30,145,202,22.93,91.91,6.35,110.87,apple
22,145,197,21.23,90.14,6.12,110.54,apple
16,129,197,21.28,93.88,6.27,110.75,apple
21,133,203,23.89,92.52,6.28,101.65,apple
23,124,196,22.41,90.73,6.31,103.09,apple
4,124,200,21.24,90.67,6.36,120.19,apple
39,126,202,23.11,91.63,5.52,105.0,apple
28,143,195,23.07,90.19,5.81,105.58,apple
2,130,203,23.03,92.01,6.15,122.09,apple
35,139,196,23.53,91.58,6.39,110.77,apple
29,122,205,21.88,93.64,5.56,124.33,apple
0,132,200,23.28,91.67,5.67,120.32,apple
8,138,195,23.49,90.14,5.93,124.17,apple
18,140,199,23.6,94.65,5.93,102.91,apple
35,120,195,23.4,93.57,5.68,106.61,apple
20,128,203,23.6,94.68,5.74,112.39,apple
11,136,202,22.59,94.47,6.04,121.01,apple
33,135,202,23.7,91.92,5.62,105.47,apple
10,131,201,21.32,92.55,5.99,100.48,apple
18,120,205,23.47,92.56,6.28,117.29,apple
37,137,200,23.76,93.1,6.19,118.3,apple
9,136,198,22.76,94.48,6.31,114.99,apple
5,122,202,23.57,92.72,6.48,120.62,apple
12,121,200,21.86,91.04,5.57,119.77,apple
32,142,202,21.56,93.05,6.29,119.81,apple
9,139,195,22.09,90.86,5.91,101.72,apple
30,127,203,23.0,90.77,6.08,122.52,apple
5,136,195,21.94,92.82,6.41,123.38,apple
24,139,205,21.71,91.51,6.17,122.81,apple
16,122,196,21.8,92.13,6.44,106.15,apple
0,144,205,21.11,93.16,6.38,101.3,apple
15,140,198,22.04,92.0,5.85,123.02,apple
17,143,204,22.23,92.58,6.08,106.73,apple
23,140,198,22.83,90.36,6.12,105.12,apple
7,132,200,23.07,94.81,6.22,118.33,apple
40,127,203,23.9,91.82,6.33,113.98,apple
2,127,202,22.37,94.85,5.62,114.99,apple
34,140,202,22.7,92.33,6.05,117.57,apple
14,132,201,22.8,90.01,5.73,110.38,apple
24,131,199,22.02,90.52,6.39,111.3,apple
24,18,13,26.5,90.23,6.09,114.33,orange
2,22,12,31.68,93.22,6.04,110.34,orange
14,21,7,34.12,93.27,7.62,100.22,orange
6,8,5,29.29,90.97,7.57,111.61,orange
17,19,9,19.64,92.16,6.51,107.88,orange
7,7,14,16.71,93.54,7.88,112.5,orange
16,28,12,34.93,94.54,7.18,115.46,orange
3,30,8,11.46,90.39,6.7,103.97,orange
1,9,5,14.72,92.92,7.31,108.06,orange
36,14,13,13.99,91.52,7.97,110.06,orange
23,14,15,13.06,93.68,6.93,118.24,orange
20,17,14,24.18,94.39,6.11,100.97,orange
4,19,7,19.86,93.94,6.23,110.93,orange
28,26,10,10.19,93.51,7.61,114.35,orange
21,29,8,21.67,93.15,6.15,111.63,orange
4,18,9,10.42,90.73,6.46,114.54,orange
32,26,5,31.84,91.3,6.03,113.74,orange
0,30,5,17.48,92.41,6.24,112.7,orange
17,18,14,24.54,94.19,7.01,100.02,orange
29,9,6,34.46,90.26,6.28,111.34,orange
15,22,10,30.99,90.93,6.48,106.55,orange
22,17,14,26.79,92.89,6.41,100.0,orange
15,5,13,22.74,90.75,7.68,107.51,orange
39,11,5,12.33,92.93,6.67,113.53,orange
15,29,6,30.44,90.78,6.09,103.46,orange
19,17,8,33.03,93.19,7.37,111.84,orange
20,16,12,26.93,91.48,6.25,111.3,orange
26,26,8,11.78,93.95,6.41,106.19,orange
28,16,8,17.07,92.08,6.45,101.6,orange
38,14,14,23.37,93.26,6.34,107.01,orange
16,12,11,10.09,93.43,6.4,106.12,orange
19,28,12,16.99,92.31,6.65,113.41,orange
8,11,5,20.47,93.83,7.6,100.88,orange
8,14,11,32.43,92.82,6.05,103.31,orange
19,8,13,21.17,94.18,7.84,100.15,orange
24,13,14,16.68,91.15,6.15,105.68,orange
20,20,6,32.59,93.02,6.67,116.81,orange
35,24,10,12.31,92.6,7.45,114.98,orange
9,27,5,12.09,94.57,6.4,116.41,orange
0,19,6,16.81,93.18,7.6,117.43,orange
22,21,6,17.83,92.76,7.17,114.45,orange
25,8,13,18.82,90.66,7.62,106.17,orange
12,11,13,13.78,91.21,7.29,104.73,orange
37,8,15,31.09,94.15,6.86,113.39,orange
19,16,15,32.84,93.65,6.74,114.81,orange
21,9,7,33.8,91.25,6.83,100.73,orange
31,10,15,29.46,91.82,6.75,113.91,orange
0,25,12,24.84,92.98,7.41,113.27,orange
26,29,12,23.61,91.0,6.18,108.78,orange
29,21,13,13.74,90.21,7.01,111.65,orange
18,10,11,34.3,94.61,6.27,111.29,orange
20,24,8,15.9,91.23,7.63,113.11,orange
23,25,15,17.02,92.29,6.15,119.99,orange
13,28,5,23.74,91.87,6.87,118.79,orange
11,13,14,14.43,92.63,7.0,117.77,orange
5,24,12,34.78,92.54,7.24,118.0,orange
2,24,10,26.71,93.12,6.37,118.29,orange
32,8,5,33.54,94.3,6.25,104.84,orange
31,8,8,13.7,94.64,7.64,118.52,orange
14,29,14,23.4,93.6,6.25,114.02,orange
19,13,10,27.15,90.91,6.48,101.23,orange
19,15,5,14.33,92.36,7.96,100.23,orange
17,9,12,19.9,94.08,6.44,101.48,orange
33,26,9,17.48,91.84,7.29,101.37,orange
19,14,14,33.84,93.13,6.65,100.6,orange
31,7,7,19.03,90.87,7.93,100.65,orange
32,26,6,11.45,90.17,6.75,117.16,orange
8,23,13,19.16,92.01,7.28,118.89,orange
8,27,6,32.66,93.49,6.5,104.95,orange
4,10,5,20.63,91.12,6.72,109.08,orange
11,30,8,23.31,90.34,6.83,110.72,orange
6,17,7,27.5,94.36,6.67,109.36,orange
39,10,9,15.15,92.88,7.4,114.84,orange
23,14,5,17.24,92.15,7.47,105.89,orange
34,28,13,20.07,93.13,7.74,117.82,orange
34,21,13,14.09,90.06,7.34,117.71,orange
8,12,10,31.11,91.53,7.75,106.65,orange
16,25,14,24.48,90.16,6.14,111.43,orange
23,21,7,30.35,91.08,7.42,111.32,orange
40,24,10,12.2,93.93,7.18,105.21,orange
12,27,5,19.15,91.83,6.58,102.78,orange
10,7,15,12.76,93.75,6.46,114.59,orange
7,16,14,29.49,93.92,7.41,104.61,orange
35,25,13,11.99,92.16,6.29,112.47,orange
22,22,13,33.76,94.28,6.82,102.51,orange
34,17,7,18.07,92.43,7.36,117.65,orange
6,9,11,32.38,91.74,6.13,112.18,orange
17,8,7,23.44,92.86,6.59,106.02,orange
12,30,11,29.53,90.94,6.57,119.08,orange
29,6,6,28.71,90.04,7.83,106.78,orange
32,10,9,29.56,92.95,7.57,103.87,orange
14,14,12,16.25,93.01,7.49,112.72,orange
0,20,7,24.2,90.54,6.03,106.06,orange
23,9,14,15.87,92.28,6.58,103.06,orange
31,16,6,29.2,91.44,7.32,115.52,orange
9,30,10,16.45,91.89,7.55,100.46,orange
5,11,14,20.26,94.56,7.3,104.56,orange
19,15,8,14.83,94.19,6.4,100.59,orange
0,21,5,20.25,90.73,6.16,106.62,orange
19,13,5,28.31,94.12,7.44,104.88,orange
60,67,53,44.78,93.85,6.63,242.15,papaya
55,45,51,33.63,92.5,6.57,246.59,papaya
37,54,49,39.68,93.71,6.67,246.74,papaya
36,49,47,30.52,92.26,6.6,245.79,papaya
44,63,47,40.42,93.1,6.64,245.08,papaya
50,63,45,41.5,90.02,6.69,246.13,papaya
47,54,45,33.29,91.61,6.56,241.07,papaya
43,66,52,24.48,90.78,6.83,248.45,papaya
35,69,49,32.45,93.92,6.8,242.07,papaya
51,64,49,28.62,90.15,6.79,243.14,papaya
42,63,49,42.98,93.13,6.67,243.84,papaya
53,61,54,29.59,94.24,6.62,248.23,papaya
57,61,54,43.12,92.84,6.53,240.15,papaya
32,47,52,43.88,94.09,6.84,243.68,papaya
36,58,50,28.54,91.48,6.83,242.0,papaya
33,69,48,29.76,90.01,6.96,249.6,papaya
44,56,49,30.7,94.83,6.96,248.76,papaya
45,62,50,43.45,90.44,6.98,242.03,papaya
50,49,46,38.05,91.17,6.8,247.1,papaya
47,70,47,42.94,90.58,6.71,242.82,papaya
60,69,53,37.79,90.38,6.7,248.15,papaya
53,61,45,33.46,94.83,6.79,246.66,papaya
54,52,50,23.87,90.24,6.89,247.17,papaya
59,66,50,42.18,94.98,6.88,247.84,papaya
43,60,50,41.25,91.56,6.73,245.06,papaya
33,63,55,43.41,92.11,6.75,240.89,papaya
39,59,53,40.18,94.78,6.65,246.16,papaya
31,62,50,33.98,92.39,6.7,249.64,papaya
54,66,48,28.43,90.99,6.84,249.47,papaya
49,64,54,25.87,91.92,6.54,244.28,papaya
50,50,53,31.23,94.18,6.51,246.57,papaya
57,61,55,26.25,93.48,6.95,244.71,papaya
30,68,50,26.32,91.41,6.68,244.02,papaya
56,45,46,42.17,93.17,6.52,246.92,papaya
36,57,47,30.78,94.11,6.93,241.73,papaya
47,54,49,29.55,91.07,6.86,242.96,papaya
57,59,45,27.59,90.75,6.75,245.77,papaya
30,62,49,26.09,93.73,6.72,248.79,papaya
39,49,52,25.53,94.05,6.86,242.44,papaya
54,46,54,24.77,92.33,6.97,241.89,papaya
45,59,46,35.14,93.42,6.71,241.31,papaya
55,68,47,23.09,93.43,6.52,246.17,papaya
56,49,47,39.86,90.43,6.86,246.34,papaya
45,68,46,29.34,93.5,6.82,240.98,papaya
38,59,53,24.6,94.2,6.6,241.23,papaya
30,50,52,42.4,92.72,6.97,240.54,papaya
53,54,47,28.75,91.84,6.6,241.66,papaya
32,57,53,32.92,93.52,6.86,250.0,papaya
51,65,55,24.17,91.62,6.52,247.32,papaya
52,64,54,25.78,93.39,6.82,242.56,papaya
42,49,51,42.28,93.43,6.71,245.2,papaya
46,56,52,43.88,93.92,6.55,243.18,papaya
56,45,46,25.82,92.45,6.63,249.75,papaya
35,65,50,38.25,94.87,6.72,248.56,papaya
33,48,46,39.3,90.81,6.73,244.19,papaya
44,62,47,32.0,91.69,6.57,243.53,papaya
59,47,47,34.75,91.98,6.93,247.25,papaya
59,45,49,40.59,91.04,6.95,248.47,papaya
49,53,48,29.36,91.01,6.89,246.28,papaya
31,55,54,26.0,92.51,6.9,242.91,papaya
51,46,45,43.07,93.77,6.78,244.97,papaya
55,63,49,27.49,91.8,6.79,248.96,papaya
47,64,46,23.36,93.79,6.73,242.08,papaya
35,59,50,36.16,92.1,6.66,244.48,papaya
39,67,50,41.53,90.22,6.69,240.45,papaya
55,47,49,42.76,91.18,6.99,247.48,papaya
46,60,53,37.08,93.28,6.82,246.64,papaya
54,58,49,34.48,93.3,6.88,245.12,papaya
49,67,55,33.27,90.14,6.97,248.37,papaya
35,65,45,41.03,90.47,6.93,245.54,papaya
47,56,52,41.38,93.94,6.51,246.11,papaya
35,67,55,36.34,90.42,6.55,244.63,papaya
36,54,52,39.09,90.31,6.7,247.17,papaya
35,67,50,37.64,91.61,6.69,241.41,papaya
50,51,49,34.49,90.91,6.61,240.97,papaya
59,63,49,28.95,94.35,6.76,246.9,papaya
37,62,46,25.35,94.39,6.82,244.52,papaya
60,63,53,42.53,90.45,6.97,240.43,papaya
49,58,51,24.68,92.94,6.51,241.66,papaya
48,46,54,27.84,92.51,6.82,242.59,papaya
44,51,45,26.48,91.34,6.99,240.39,papaya
36,51,47,34.09,94.43,6.62,242.05,papaya
34,56,53,41.15,93.27,6.65,244.54,papaya
49,45,53,28.09,90.91,6.87,246.59,papaya
57,62,47,27.58,93.22,6.51,242.84,papaya
30,70,45,28.29,92.13,6.79,240.32,papaya
31,57,52,39.07,91.09,6.96,248.88,papaya
32,52,46,38.99,94.41,6.94,240.74,papaya
30,60,53,30.59,90.44,6.86,242.72,papaya
38,67,45,37.02,91.39,6.84,242.84,papaya
43,56,46,42.45,90.28,6.95,242.72,papaya
54,68,51,37.58,93.49,6.8,249.02,papaya
60,63,49,24.22,93.19,6.9,241.94,papaya
32,56,52,40.25,94.36,6.63,248.33,papaya
48,65,46,34.64,92.32,6.66,244.84,papaya
53,62,45,29.06,93.91,6.96,245.52,papaya
57,59,47,34.16,93.19,6.69,240.43,papaya
51,67,46,44.04,94.81,6.71,249.31,papaya
50,59,48,35.88,91.32,6.75,246.01,papaya
45,62,54,39.75,93.9,6.88,246.42,papaya
36,26,29,27.57,91.43,6.3,138.92,coconut
3,10,31,27.52,92.66,6.15,170.34,coconut
21,16,26,28.21,91.91,6.41,217.93,coconut
24,7,32,26.31,97.31,5.9,170.33,coconut
21,18,30,29.92,90.18,5.98,173.8,coconut
1,28,29,28.51,90.15,5.51,137.12,coconut
25,12,28,25.75,94.48,6.5,173.52,coconut
16,25,28,29.84,97.01,5.96,184.98,coconut
24,15,34,28.15,95.52,5.57,199.44,coconut
9,5,35,26.27,90.67,5.56,181.77,coconut
3,5,31,26.24,92.43,5.72,148.03,coconut
34,14,28,26.7,98.21,6.32,179.82,coconut
6,21,32,28.92,99.26,5.95,132.32,coconut
13,18,33,29.69,98.74,5.58,179.11,coconut
30,6,28,26.47,96.86,6.11,202.96,coconut
9,26,25,29.22,93.44,6.45,148.17,coconut
33,22,30,26.06,92.53,5.81,152.26,coconut
30,5,27,29.24,96.49,6.41,164.06,coconut
36,25,31,29.4,92.51,5.76,157.82,coconut
18,14,27,27.04,90.05,5.94,132.19,coconut
6,13,28,27.48,95.66,6.2,172.8,coconut
25,5,29,28.32,92.03,6.1,132.26,coconut
37,11,31,25.51,93.25,6.44,201.63,coconut
6,15,27,27.42,96.65,6.37,186.07,coconut
5,16,34,27.63,91.7,6.47,166.67,coconut
13,30,30,27.65,97.56,5.99,218.94,coconut
39,7,25,25.74,96.67,6.5,213.19,coconut
3,12,25,25.88,95.04,6.01,166.83,coconut
38,9,29,26.88,90.14,6.03,181.69,coconut
7,9,31,28.95,92.92,6.43,189.19,coconut
3,22,29,26.22,91.78,5.77,186.29,coconut
3,16,35,26.87,92.45,6.44,133.71,coconut
40,5,29,28.4,94.63,6.37,135.48,coconut
2,20,29,25.13,99.22,6.49,174.55,coconut
12,19,26,29.12,95.67,5.5,203.48,coconut
31,22,35,26.09,94.1,5.65,149.72,coconut
21,15,29,25.58,93.05,5.72,191.61,coconut
7,6,35,25.42,93.83,5.71,166.0,coconut
27,18,35,26.89,91.92,5.6,152.26,coconut
27,30,34,28.22,97.45,5.77,228.69,coconut
13,23,32,29.11,98.86,5.69,164.0,coconut
25,11,33,29.52,93.38,5.91,184.97,coconut
19,10,31,25.18,96.77,6.33,149.03,coconut
13,12,30,25.69,95.5,6.34,212.07,coconut
37,28,33,25.16,97.83,6.27,211.19,coconut
20,25,33,29.64,94.6,5.93,160.99,coconut
7,13,26,25.22,97.94,5.84,133.57,coconut
19,5,34,25.16,95.41,5.67,199.88,coconut
26,30,27,26.76,99.52,5.93,146.28,coconut
17,20,34,27.35,95.38,5.6,227.83,coconut
28,26,35,27.83,99.4,6.1,181.23,coconut
4,8,35,28.86,91.81,6.43,218.34,coconut
37,22,32,29.16,97.56,5.64,138.7,coconut
24,6,34,28.24,94.14,5.86,209.96,coconut
12,7,26,29.01,92.62,6.0,142.06,coconut
3,24,30,27.32,90.43,5.98,150.3,coconut
13,16,29,28.32,94.56,6.35,209.0,coconut
9,20,32,26.15,94.81,6.0,149.89,coconut
26,13,29,25.57,95.4,5.54,221.97,coconut
40,25,29,28.36,98.22,5.75,186.57,coconut
12,20,26,27.05,91.9,6.21,169.96,coconut
34,14,34,25.11,97.91,6.25,138.11,coconut
22,12,31,29.3,95.75,6.06,202.44,coconut
21,16,27,27.8,91.12,6.45,165.18,coconut
33,29,29,29.04,93.15,5.89,165.86,coconut
19,14,30,28.29,95.13,5.87,146.25,coconut
30,12,33,28.24,96.1,5.54,219.8,coconut
40,24,29,27.77,95.34,5.98,227.26,coconut
26,8,34,29.23,93.68,5.75,185.63,coconut
27,8,26,26.8,98.75,6.13,168.24,coconut
29,30,26,29.16,98.88,6.21,201.56,coconut
9,29,35,25.21,91.57,5.87,219.79,coconut
24,19,29,26.97,97.15,6.39,219.92,coconut
10,27,34,27.5,94.33,5.92,160.68,coconut
24,12,33,27.9,93.44,6.49,153.59,coconut
0,9,32,28.12,98.45,6.17,213.39,coconut
31,23,30,25.66,99.21,6.49,178.69,coconut
13,27,32,28.09,94.04,6.05,204.35,coconut
22,19,34,28.99,95.94,5.81,188.99,coconut
5,13,25,29.62,99.03,6.01,134.18,coconut
38,26,35,25.38,90.59,5.67,133.55,coconut
19,28,31,26.11,98.23,5.86,141.59,coconut
29,12,32,27.87,90.84,5.94,182.43,coconut
20,5,28,29.29,95.63,5.65,202.48,coconut
36,9,29,27.68,99.25,6.14,131.26,coconut
35,19,30,25.74,97.79,6.1,184.25,coconut
33,28,27,27.15,96.71,5.86,210.9,coconut
10,21,29,26.0,97.67,5.53,130.37,coconut
32,30,34,26.49,92.7,5.71,209.84,coconut
26,5,34,27.34,96.67,5.56,166.02,coconut
35,11,29,25.72,91.3,6.36,217.89,coconut
0,19,28,26.01,98.9,6.09,141.15,coconut
2,20,27,26.84,95.78,6.49,221.45,coconut
23,15,25,25.86,92.6,5.73,190.21,coconut
25,8,28,29.31,96.44,5.51,172.67,coconut
3,11,31,26.0,99.93,5.82,187.91,coconut
22,21,35,27.05,93.6,6.47,195.92,coconut
24,18,26,26.8,98.65,5.52,216.97,coconut
11,23,27,28.03,93.86,6.25,196.11,coconut
13,30,30,26.37,96.59,5.87,213.46,coconut
116,53,15,23.62,84.48,6.57,66.92,cotton
139,48,15,24.53,75.23,7.65,61.04,cotton
139,38,15,24.16,83.42,6.59,77.07,cotton
108,49,23,25.39,84.03,6.18,98.54,cotton
115,36,16,23.58,81.37,7.86,65.0,cotton
107,54,23,24.38,75.11,6.89,95.18,cotton
125,52,23,25.32,83.98,7.68,66.44,cotton
133,52,17,22.76,79.98,6.56,66.43,cotton
109,38,18,25.29,80.96,5.87,75.07,cotton
134,52,21,22.26,76.26,7.96,90.87,cotton
118,53,20,25.5,82.35,6.0,78.93,cotton
112,60,20,25.6,81.96,7.8,82.08,cotton
136,52,25,23.32,82.9,6.74,67.38,cotton
127,40,19,24.22,84.03,6.43,94.91,cotton
114,58,25,25.19,84.28,7.09,69.53,cotton
121,45,16,23.23,79.05,5.81,75.16,cotton
126,35,22,25.63,81.94,7.67,67.69,cotton
129,49,22,22.06,78.62,6.01,78.64,cotton
116,44,19,25.15,79.58,7.37,67.66,cotton
119,46,25,24.83,78.0,6.31,91.12,cotton
128,41,20,22.36,82.77,7.15,61.89,cotton
106,60,17,22.58,79.79,7.22,91.65,cotton
122,49,21,25.97,75.76,7.05,98.21,cotton
112,44,24,22.75,81.49,6.09,62.94,cotton
129,37,19,24.85,84.75,6.17,87.03,cotton
124,42,24,23.85,83.25,6.15,77.3,cotton
131,36,19,25.77,75.82,7.06,76.98,cotton
132,54,17,24.51,78.73,6.67,98.65,cotton
110,48,20,23.58,84.94,7.16,64.11,cotton
132,57,21,24.96,75.53,6.5,74.06,cotton
101,60,17,24.08,81.91,7.92,74.53,cotton
111,45,21,23.11,82.83,7.57,94.03,cotton
104,49,18,24.55,78.14,7.38,84.35,cotton
134,40,24,25.03,79.53,7.53,91.7,cotton
138,53,18,25.64,75.2,6.08,68.54,cotton
107,49,21,24.3,82.89,7.77,88.64,cotton
102,38,25,25.28,79.06,7.61,63.48,cotton
108,50,17,24.85,80.66,6.82,64.73,cotton
114,35,17,25.83,82.27,7.53,77.79,cotton
137,59,25,23.6,84.03,6.91,62.63,cotton
136,44,15,25.54,82.9,7.3,67.93,cotton
119,36,21,22.95,84.84,6.47,62.82,cotton
119,48,18,23.7,84.91,6.73,78.22,cotton
137,44,16,22.75,76.4,5.84,88.45,cotton
134,44,17,23.39,76.64,6.49,66.85,cotton
104,53,15,22.49,76.49,6.15,76.15,cotton
118,55,23,23.76,84.9,6.78,85.12,cotton
126,52,20,23.65,82.22,6.06,93.69,cotton
111,39,24,22.21,77.46,7.3,78.12,cotton
123,58,25,23.39,76.71,7.67,85.42,cotton
140,49,17,25.58,81.78,7.9,74.94,cotton
104,50,21,23.33,79.86,7.97,88.75,cotton
115,57,21,23.91,83.24,7.79,98.89,cotton
120,57,15,23.43,79.66,6.84,67.18,cotton
123,42,25,24.08,81.77,6.82,88.71,cotton
105,37,15,25.66,75.01,7.85,92.52,cotton
105,41,24,23.31,81.75,5.99,83.63,cotton
111,55,20,23.36,76.16,7.83,69.29,cotton
119,53,19,25.59,77.43,7.65,73.89,cotton
102,42,19,24.21,77.5,5.93,71.64,cotton
129,37,21,25.14,84.14,7.91,79.02,cotton
139,50,21,22.73,79.82,6.95,82.9,cotton
106,60,16,22.04,83.43,6.79,77.82,cotton
139,40,15,23.75,80.89,6.78,61.44,cotton
129,41,20,24.66,81.0,7.4,87.55,cotton
118,35,15,23.86,80.73,7.11,95.63,cotton
124,35,24,24.44,84.6,7.47,60.36,cotton
131,46,16,22.7,81.95,6.9,96.93,cotton
138,58,25,25.77,82.16,6.65,83.74,cotton
110,60,25,24.82,75.26,7.09,62.45,cotton
101,46,23,24.59,83.11,7.41,99.9,cotton
103,39,25,23.42,77.91,7.38,88.09,cotton
117,55,16,23.93,84.68,6.91,95.84,cotton
100,36,25,23.9,78.68,5.95,90.18,cotton
110,37,22,22.82,77.55,6.14,99.03,cotton
101,57,15,24.24,83.89,6.75,78.06,cotton
121,51,16,24.96,81.29,6.67,85.7,cotton
139,51,23,25.4,83.09,6.98,94.0,cotton
102,40,16,25.07,81.22,7.77,66.0,cotton
116,45,21,25.74,75.93,6.17,63.97,cotton
125,58,25,25.08,75.95,6.79,73.16,cotton
118,48,22,22.93,79.95,5.86,86.21,cotton
129,52,22,24.02,82.77,5.84,78.26,cotton
107,56,24,24.81,80.44,7.82,92.0,cotton
107,47,15,23.0,84.37,7.9,79.07,cotton
127,49,19,25.1,78.27,7.25,91.38,cotton
121,58,17,25.98,83.24,7.07,93.35,cotton
130,55,19,25.8,78.56,7.17,74.65,cotton
126,52,18,22.72,81.08,7.1,94.28,cotton
132,48,21,22.12,83.69,7.54,86.31,cotton
106,49,19,24.94,81.2,7.04,93.48,cotton
107,52,23,25.54,84.72,6.56,64.77,cotton
134,51,22,24.99,79.5,6.39,71.82,cotton
110,48,16,24.71,80.83,7.54,79.56,cotton
103,36,23,22.44,81.42,7.92,63.13,cotton
120,42,17,25.9,79.69,7.44,81.39,cotton
135,40,21,24.31,82.5,6.87,68.51,cotton
129,48,15,25.45,80.11,7.85,63.1,cotton
105,51,20,24.68,82.54,6.68,69.88,cotton
130,53,20,22.59,82.63,7.66,64.3,cotton
71,55,37,25.75,70.14,6.85,180.56,jute
61,41,45,24.96,90.0,6.47,191.21,jute
93,39,45,26.4,76.23,6.95,196.53,jute
90,37,40,26.39,77.53,6.33,164.4,jute
75,39,40,23.93,81.44,6.24,168.14,jute
60,51,37,24.55,88.69,7.0,178.75,jute
93,51,38,24.69,86.54,6.7,176.87,jute
63,51,42,24.89,77.16,6.27,183.91,jute
69,56,37,25.04,84.89,6.21,162.93,jute
81,55,42,26.17,87.53,7.1,157.67,jute
84,57,36,26.13,70.75,6.2,161.97,jute
85,36,35,24.22,83.16,6.96,162.96,jute
80,55,44,25.32,84.0,6.27,161.72,jute
86,59,42,24.74,71.53,6.97,162.84,jute
65,40,36,26.26,75.42,7.55,178.2,jute
69,55,42,25.58,78.36,6.86,188.4,jute
78,53,45,23.69,80.28,6.59,159.16,jute
76,58,42,25.67,84.76,7.67,159.04,jute
72,52,35,25.96,77.16,6.66,196.74,jute
84,45,44,23.07,70.43,6.21,182.44,jute
75,58,43,25.17,71.94,7.36,195.09,jute
69,59,40,25.37,87.7,6.9,179.2,jute
62,52,38,23.75,74.88,7.68,195.33,jute
98,54,38,25.62,71.95,6.77,160.65,jute
69,55,35,25.38,78.34,7.55,168.03,jute
67,43,37,26.02,89.47,6.56,179.08,jute
90,51,36,25.7,81.85,6.85,196.06,jute
92,57,39,24.01,88.54,6.7,152.84,jute
100,46,42,26.78,83.89,7.12,161.8,jute
74,58,40,24.61,89.43,7.1,179.15,jute
75,39,42,24.6,79.61,7.19,179.74,jute
94,39,37,25.35,74.94,6.47,164.56,jute
98,44,43,23.73,86.98,6.82,173.44,jute
86,56,44,25.19,88.17,6.49,158.36,jute
65,39,37,25.46,80.77,6.31,188.88,jute
100,44,35,24.45,82.83,6.72,185.62,jute
70,49,36,23.42,74.55,7.14,159.11,jute
63,47,36,24.84,77.45,7.34,197.22,jute
72,36,42,26.07,87.22,7.7,158.97,jute
62,55,41,24.71,89.15,6.94,165.03,jute
83,45,42,25.95,87.74,6.55,184.54,jute
75,45,44,25.75,77.94,6.86,163.68,jute
69,37,44,24.1,74.41,7.38,191.48,jute
61,43,35,23.36,74.82,6.37,151.3,jute
67,39,36,25.37,72.31,6.66,170.95,jute
77,53,45,25.71,88.6,6.62,176.59,jute
91,57,43,25.04,83.18,7.64,198.31,jute
76,50,37,26.84,78.1,7.31,174.33,jute
70,52,35,25.02,86.87,6.58,177.12,jute
69,39,44,24.17,74.22,6.1,171.05,jute
62,57,41,23.5,77.35,6.46,186.88,jute
74,46,42,24.51,81.57,7.22,171.33,jute
83,39,37,23.24,82.09,6.01,179.22,jute
87,38,43,24.99,81.91,7.3,187.45,jute
72,55,38,23.54,73.67,6.13,174.49,jute
72,35,35,23.07,73.4,6.67,171.87,jute
99,54,43,24.46,82.65,6.19,185.05,jute
60,47,36,24.58,85.29,7.71,162.29,jute
78,59,35,26.71,77.48,6.37,155.47,jute
87,60,40,24.81,78.72,6.48,194.31,jute
62,50,45,26.83,72.12,6.01,194.03,jute
87,48,37,26.45,75.09,6.97,197.93,jute
74,53,38,25.48,77.2,7.13,164.16,jute
82,57,44,26.18,74.74,6.3,188.11,jute
100,52,35,24.8,86.97,6.69,192.72,jute
70,58,37,25.74,71.42,6.89,160.72,jute
86,47,42,24.43,87.99,6.59,152.55,jute
91,56,45,26.27,80.77,7.09,166.14,jute
85,38,36,23.38,80.44,6.56,160.05,jute
77,58,38,23.33,88.65,7.68,193.93,jute
62,58,38,23.52,76.14,7.14,190.97,jute
81,54,38,26.53,80.82,6.25,169.55,jute
83,35,37,23.87,88.51,7.16,151.04,jute
67,41,40,23.52,80.38,7.63,189.46,jute
60,58,43,23.26,77.38,6.25,197.3,jute
96,35,43,24.52,80.01,6.4,170.81,jute
87,37,36,23.63,84.8,6.92,186.59,jute
88,46,45,23.55,75.42,7.36,161.47,jute
96,41,41,25.55,72.82,6.15,160.94,jute
69,49,41,23.02,88.6,6.47,184.04,jute
86,48,38,24.21,75.67,7.63,192.0,jute
72,48,39,23.21,72.34,7.42,153.32,jute
92,44,44,26.7,73.76,6.78,193.25,jute
70,37,42,26.98,75.04,7.4,190.19,jute
78,44,42,24.24,74.69,6.82,151.71,jute
91,49,43,25.53,71.23,7.26,182.28,jute
60,43,38,23.07,79.97,7.02,185.12,jute
63,40,42,23.11,80.09,7.54,182.28,jute
97,58,35,24.67,73.52,6.66,162.71,jute
79,43,35,26.7,80.66,6.74,167.54,jute
60,43,38,24.04,88.38,6.47,174.46,jute
66,54,38,25.92,89.34,6.51,166.49,jute
72,45,41,25.58,89.35,7.23,166.96,jute
71,42,41,25.59,89.9,7.59,153.37,jute
100,54,43,26.64,84.71,6.56,192.31,jute
61,42,42,25.52,86.66,7.5,173.38,jute
90,55,37,23.86,83.75,6.04,186.0,jute
63,38,37,24.34,81.53,7.4,157.78,jute
73,41,38,24.27,84.97,6.56,167.11,jute
81,54,35,24.12,74.62,6.33,159.19,jute
112,23,28,24.84,57.21,6.5,158.69,coffee
109,19,29,27.81,55.08,7.46,183.12,coffee
116,22,30,26.1,55.65,6.52,174.39,coffee
80,32,33,27.43,54.67,7.94,150.08,coffee
93,25,27,27.06,50.19,6.61,157.3,coffee
103,30,27,27.32,55.56,7.17,157.86,coffee
117,20,35,23.72,56.94,7.57,143.87,coffee
109,19,25,27.82,59.22,7.99,174.75,coffee
99,15,34,23.18,53.43,7.17,177.77,coffee
108,24,33,26.04,51.72,7.07,166.4,coffee
91,19,30,23.97,51.76,7.9,149.48,coffee
91,35,29,24.0,52.28,6.12,176.59,coffee
113,36,27,26.0,56.9,6.59,194.04,coffee
83,24,35,25.23,54.06,6.85,183.29,coffee
111,34,30,23.23,55.5,7.46,142.97,coffee
109,19,30,27.07,59.28,7.35,183.73,coffee
109,34,34,24.09,58.75,6.68,158.97,coffee
84,31,30,24.96,51.0,7.73,141.17,coffee
103,38,32,26.41,56.91,6.13,160.61,coffee
117,25,28,23.92,57.65,7.1,168.3,coffee
90,23,29,23.66,54.44,7.16,188.65,coffee
112,26,30,26.04,59.82,7.26,142.08,coffee
89,38,33,25.75,53.96,6.81,182.39,coffee
80,25,27,25.11,54.99,6.24,144.84,coffee
112,38,30,25.28,52.07,6.43,181.66,coffee
87,25,30,23.78,56.82,7.18,184.2,coffee
80,29,30,24.83,53.59,7.99,188.24,coffee
84,24,26,24.11,56.85,7.92,160.47,coffee
119,37,29,23.38,55.76,6.47,183.27,coffee
89,39,35,24.68,56.92,6.73,182.27,coffee
111,33,33,25.12,53.55,7.58,168.98,coffee
107,16,33,24.18,51.54,7.6,163.16,coffee
116,35,27,26.14,59.17,6.67,146.68,coffee
97,19,33,25.59,51.09,6.2,168.53,coffee
120,23,30,25.44,54.27,7.43,198.67,coffee
113,39,35,23.71,55.45,6.74,148.87,coffee
102,26,34,24.82,58.9,6.9,187.23,coffee
119,34,35,25.9,54.34,7.95,147.61,coffee
89,40,35,27.96,50.78,6.65,198.32,coffee
97,26,27,24.44,59.99,6.59,159.89,coffee
107,27,26,26.2,58.69,8.0,142.83,coffee
84,16,26,28.0,53.2,7.1,153.25,coffee
110,33,35,26.61,57.66,8.0,196.98,coffee
96,30,32,24.39,52.87,6.75,178.95,coffee
120,35,35,27.19,57.07,6.28,164.67,coffee
113,33,25,27.25,56.3,6.15,185.54,coffee
89,37,29,25.62,55.12,6.82,182.7,coffee
84,34,32,27.98,58.99,6.91,166.84,coffee
108,34,28,24.83,59.87,7.59,146.59,coffee
109,38,27,24.33,52.22,7.19,181.48,coffee
111,17,28,26.23,57.88,6.93,154.06,coffee
101,28,29,25.34,55.58,6.45,159.62,coffee
100,36,33,23.22,52.04,6.0,165.58,coffee
117,39,25,26.5,50.19,7.55,173.65,coffee
92,37,35,23.54,56.2,6.14,142.92,coffee
108,31,30,25.14,50.62,6.22,194.56,coffee
81,27,34,26.95,59.58,7.71,193.57,coffee
117,27,26,24.88,53.98,7.15,150.54,coffee
97,17,26,25.06,51.62,7.36,175.83,coffee
119,27,35,26.5,55.7,6.95,175.95,coffee
111,25,26,26.42,59.47,6.05,170.82,coffee
113,35,32,23.59,58.97,6.63,166.65,coffee
115,21,31,25.99,52.14,6.59,189.67,coffee
106,21,31,24.54,52.99,6.35,154.13,coffee
112,38,32,24.02,57.41,7.03,189.53,coffee
90,19,26,26.88,54.25,6.8,198.94,coffee
82,37,26,27.22,58.92,6.9,155.98,coffee
97,20,28,26.79,54.99,6.25,190.67,coffee
93,27,34,25.46,55.02,7.23,190.05,coffee
107,33,29,27.49,55.98,6.9,177.25,coffee
112,18,28,23.05,59.19,6.81,143.04,coffee
88,27,33,27.26,56.47,7.38,191.12,coffee
101,18,31,26.96,56.0,6.31,180.73,coffee
114,35,31,23.29,51.78,7.17,144.08,coffee
96,17,25,23.85,58.66,6.29,178.0,coffee
97,36,35,26.07,58.94,7.92,151.51,coffee
113,40,33,24.7,55.76,7.42,196.37,coffee
105,17,33,26.26,50.55,6.89,169.89,coffee
83,28,33,26.54,55.79,7.33,198.99,coffee
107,37,25,23.47,52.51,7.99,152.89,coffee
90,39,30,23.11,57.17,6.99,156.04,coffee
87,35,25,24.71,55.07,7.65,191.6,coffee
113,22,25,25.94,59.04,6.83,189.17,coffee
83,22,35,27.63,53.32,7.66,143.85,coffee
96,36,30,27.36,56.28,6.8,145.89,coffee
87,19,33,26.51,54.93,7.43,194.49,coffee
88,22,34,25.58,55.56,6.95,146.12,coffee
94,23,27,27.32,51.16,7.33,196.0,coffee
120,27,26,26.27,53.34,6.45,144.98,coffee
112,31,35,25.35,50.05,6.88,154.04,coffee
115,40,29,27.19,50.21,7.08,193.04,coffee
81,25,34,24.21,54.83,6.53,154.41,coffee
90,21,35,26.86,54.02,7.71,170.23,coffee
115,33,25,23.95,53.4,6.95,145.19,coffee
83,33,26,23.56,56.86,7.65,150.21,coffee
115,39,34,25.62,50.69,7.36,148.47,coffee
106,34,35,24.71,54.5,7.24,162.96,coffee
105,35,32,27.78,54.09,6.52,190.66,coffee
120,20,25,25.95,51.01,7.92,187.14,coffee
87,16,26,25.39,59.42,6.04,198.27,coffee
